product_name,discounted_price,actual_price,discount_percentage,rating,rating_count,category
Electronics Product 1,5535.15,16795,67.0%,4.6,5784,Electronics|Subcategory1
Electronics Product 2,5858.52,7265,19.4%,3.6,8372,Electronics|Subcategory2
Electronics Product 3,2325.62,2685,13.4%,4.6,6999,Electronics|Subcategory3
Electronics Product 4,2715.18,3433,20.9%,3.8,4605,Electronics|Subcategory4
Electronics Product 5,12152.9,20769,41.5%,4.1,8716,Electronics|Subcategory5
Electronics Product 6,17596.5,26658,34.0%,3.6,2797,Electronics|Subcategory1
Electronics Product 7,1005.46,1189,15.4%,4.4,1949,Electronics|Subcategory2
Electronics Product 8,1234.5,2267,45.5%,3.6,3940,Electronics|Subcategory3
Electronics Product 9,33986.19,42606,20.2%,3.6,8842,Electronics|Subcategory4
Electronics Product 10,24910.73,44323,43.8%,4.1,7563,Electronics|Subcategory5
Electronics Product 11,2750.41,3612,23.9%,3.9,7149,Electronics|Subcategory1
Electronics Product 12,29876.4,49555,39.7%,3.6,3202,Electronics|Subcategory2
Electronics Product 13,21767.61,27531,20.9%,4.6,1071,Electronics|Subcategory3
Electronics Product 14,9809.05,12653,22.5%,4.4,9742,Electronics|Subcategory4
Electronics Product 15,18452.07,46758,60.5%,4.2,4347,Electronics|Subcategory5
Electronics Product 16,9479.74,27557,65.6%,4.6,7679,Electronics|Subcategory1
Electronics Product 17,23437.26,26851,12.7%,4.0,6913,Electronics|Subcategory2
Electronics Product 18,18650.92,25300,26.3%,4.7,4909,Electronics|Subcategory3
Electronics Product 19,23032.16,40099,42.6%,3.7,2112,Electronics|Subcategory4
Electronics Product 20,15388.47,49984,69.2%,4.7,2077,Electronics|Subcategory5
Electronics Product 21,3313.26,3695,10.3%,4.7,6786,Electronics|Subcategory1
Electronics Product 22,15801.81,34159,53.7%,4.7,5942,Electronics|Subcategory2
Electronics Product 23,3123.92,4561,31.5%,3.7,6328,Electronics|Subcategory3
Electronics Product 24,4940.39,9392,47.4%,4.0,7265,Electronics|Subcategory4
Electronics Product 25,18063.74,36222,50.1%,4.5,2781,Electronics|Subcategory5
Electronics Product 26,4399.2,11965,63.2%,4.2,8160,Electronics|Subcategory1
Electronics Product 27,5771.1,14773,60.9%,4.6,552,Electronics|Subcategory2
Electronics Product 28,5903.7,7910,25.4%,3.6,256,Electronics|Subcategory3
Electronics Product 29,18767.98,22518,16.7%,4.2,7908,Electronics|Subcategory4
Electronics Product 30,18019.05,49702,63.7%,4.2,5166,Electronics|Subcategory5
Electronics Product 31,22276.64,46151,51.7%,3.7,6424,Electronics|Subcategory1
Electronics Product 32,1196.18,2678,55.3%,3.8,9964,Electronics|Subcategory2
Electronics Product 33,23206.39,28890,19.7%,4.9,9839,Electronics|Subcategory3
Electronics Product 34,16978.11,45020,62.3%,4.7,3677,Electronics|Subcategory4
Electronics Product 35,9818.31,26939,63.6%,4.3,9771,Electronics|Subcategory5
Electronics Product 36,4069.14,11230,63.8%,4.0,7442,Electronics|Subcategory1
Electronics Product 37,23721.47,31080,23.7%,4.1,5914,Electronics|Subcategory2
Electronics Product 38,9382.91,10474,10.4%,4.3,4463,Electronics|Subcategory3
Electronics Product 39,2300.59,4748,51.5%,3.9,713,Electronics|Subcategory4
Electronics Product 40,28577.94,35766,20.1%,3.8,1545,Electronics|Subcategory5
Electronics Product 41,2830.73,4304,34.2%,3.6,6635,Electronics|Subcategory1
Electronics Product 42,13986.28,18675,25.1%,4.2,7330,Electronics|Subcategory2
Electronics Product 43,1921.9,2636,27.1%,3.6,4787,Electronics|Subcategory3
Electronics Product 44,41998.14,48323,13.1%,3.9,7442,Electronics|Subcategory4
Electronics Product 45,38796.93,47717,18.7%,4.2,5841,Electronics|Subcategory5
Electronics Product 46,20611.93,27309,24.5%,4.5,252,Electronics|Subcategory1
Electronics Product 47,34246.63,45215,24.3%,4.6,2377,Electronics|Subcategory2
Electronics Product 48,21747.19,41772,47.9%,4.5,1980,Electronics|Subcategory3
Electronics Product 49,38520.61,45542,15.4%,4.8,9389,Electronics|Subcategory4
Electronics Product 50,17074.73,21666,21.2%,3.6,709,Electronics|Subcategory5
Electronics Product 51,1880.58,3811,50.7%,3.5,2036,Electronics|Subcategory1
Electronics Product 52,23844.58,31206,23.6%,4.5,1893,Electronics|Subcategory2
Electronics Product 53,4699.03,9680,51.5%,4.1,2435,Electronics|Subcategory3
Electronics Product 54,9900.59,12111,18.3%,4.0,6666,Electronics|Subcategory4
Electronics Product 55,16577.45,48025,65.5%,4.8,312,Electronics|Subcategory5
Electronics Product 56,38036.48,47843,20.5%,5.0,2099,Electronics|Subcategory1
Electronics Product 57,27532.42,32616,15.6%,4.8,3158,Electronics|Subcategory2
Electronics Product 58,16048.89,30855,48.0%,4.0,3220,Electronics|Subcategory3
Electronics Product 59,20268.51,43642,53.6%,4.8,6345,Electronics|Subcategory4
Electronics Product 60,5134.03,13183,61.1%,4.9,5589,Electronics|Subcategory5
Electronics Product 61,21642.04,43405,50.1%,4.4,2607,Electronics|Subcategory1
Electronics Product 62,19754.74,39360,49.8%,3.5,5023,Electronics|Subcategory2
Electronics Product 63,6288.19,12969,51.5%,4.5,8402,Electronics|Subcategory3
Electronics Product 64,29902.19,39467,24.2%,4.0,4037,Electronics|Subcategory4
Electronics Product 65,10611.39,23399,54.7%,4.6,4785,Electronics|Subcategory5
Electronics Product 66,25888.18,45064,42.6%,4.3,3496,Electronics|Subcategory1
Electronics Product 67,13888.21,18429,24.6%,5.0,3486,Electronics|Subcategory2
Electronics Product 68,3557.99,9754,63.5%,4.4,275,Electronics|Subcategory3
Electronics Product 69,29564.23,49404,40.2%,4.4,9201,Electronics|Subcategory4
Electronics Product 70,5166.84,6600,21.7%,4.6,7733,Electronics|Subcategory5
Electronics Product 71,16856.9,38410,56.1%,3.6,7389,Electronics|Subcategory1
Electronics Product 72,6418.2,19589,67.2%,4.9,1110,Electronics|Subcategory2
Electronics Product 73,13828.25,19711,29.8%,4.3,656,Electronics|Subcategory3
Electronics Product 74,659.54,1699,61.2%,3.9,1030,Electronics|Subcategory4
Electronics Product 75,14304.71,36743,61.1%,4.0,8369,Electronics|Subcategory5
Electronics Product 76,15642.57,27641,43.4%,4.9,619,Electronics|Subcategory1
Electronics Product 77,21877.74,39210,44.2%,3.6,7505,Electronics|Subcategory2
Electronics Product 78,1534.12,5014,69.4%,3.7,204,Electronics|Subcategory3
Electronics Product 79,4381.67,11729,62.6%,4.6,8146,Electronics|Subcategory4
Electronics Product 80,19775.84,41328,52.1%,4.0,5646,Electronics|Subcategory5
Electronics Product 81,2818.22,6801,58.6%,4.7,8766,Electronics|Subcategory1
Electronics Product 82,14447.25,24355,40.7%,4.3,4830,Electronics|Subcategory2
Electronics Product 83,2887.84,3368,14.3%,4.1,9213,Electronics|Subcategory3
Electronics Product 84,16304.79,23386,30.3%,4.1,5969,Electronics|Subcategory4
Electronics Product 85,5944.52,11966,50.3%,4.0,3819,Electronics|Subcategory5
Electronics Product 86,12915.8,23677,45.4%,3.5,9957,Electronics|Subcategory1
Electronics Product 87,2348.0,5777,59.4%,4.0,2541,Electronics|Subcategory2
Electronics Product 88,16564.76,28236,41.3%,4.7,3101,Electronics|Subcategory3
Electronics Product 89,26180.14,49747,47.4%,3.6,926,Electronics|Subcategory4
Electronics Product 90,19048.96,33093,42.4%,4.5,8037,Electronics|Subcategory5
Electronics Product 91,12757.87,40567,68.6%,4.3,1743,Electronics|Subcategory1
Electronics Product 92,11527.09,27258,57.7%,3.9,5227,Electronics|Subcategory2
Electronics Product 93,35997.7,48030,25.1%,3.8,5999,Electronics|Subcategory3
Electronics Product 94,1037.19,2150,51.8%,4.1,1131,Electronics|Subcategory4
Electronics Product 95,24430.01,30305,19.4%,3.9,7855,Electronics|Subcategory5
Electronics Product 96,2939.14,6237,52.9%,4.5,3393,Electronics|Subcategory1
Electronics Product 97,6630.3,14500,54.3%,4.3,7054,Electronics|Subcategory2
Electronics Product 98,6859.93,9130,24.9%,4.0,7303,Electronics|Subcategory3
Electronics Product 99,13986.39,20128,30.5%,3.6,2191,Electronics|Subcategory4
Electronics Product 100,9820.07,31445,68.8%,3.8,6667,Electronics|Subcategory5
Electronics Product 101,15073.4,36247,58.4%,4.0,7471,Electronics|Subcategory1
Electronics Product 102,25259.49,38220,33.9%,4.4,2899,Electronics|Subcategory2
Electronics Product 103,36664.26,41158,10.9%,4.9,9873,Electronics|Subcategory3
Electronics Product 104,21693.08,42975,49.5%,3.7,2889,Electronics|Subcategory4
Electronics Product 105,13219.92,39646,66.7%,4.8,6353,Electronics|Subcategory5
Electronics Product 106,1026.78,1851,44.5%,4.1,2477,Electronics|Subcategory1
Electronics Product 107,16966.31,27144,37.5%,4.3,5782,Electronics|Subcategory2
Electronics Product 108,26168.79,39155,33.2%,4.9,3963,Electronics|Subcategory3
Electronics Product 109,14437.59,18450,21.7%,3.6,5776,Electronics|Subcategory4
Electronics Product 110,3887.89,4373,11.1%,3.6,2132,Electronics|Subcategory5
Electronics Product 111,24304.08,28350,14.3%,4.0,9867,Electronics|Subcategory1
Electronics Product 112,5043.18,12261,58.9%,3.9,3317,Electronics|Subcategory2
Electronics Product 113,8775.97,18209,51.8%,4.4,462,Electronics|Subcategory3
Electronics Product 114,3920.87,8543,54.1%,4.7,8917,Electronics|Subcategory4
Electronics Product 115,29340.8,45425,35.4%,4.4,2836,Electronics|Subcategory5
Electronics Product 116,22965.74,49816,53.9%,3.7,5154,Electronics|Subcategory1
Electronics Product 117,24976.74,35911,30.4%,4.9,3490,Electronics|Subcategory2
Electronics Product 118,9506.45,21150,55.1%,4.6,5018,Electronics|Subcategory3
Electronics Product 119,27435.92,47352,42.1%,4.2,778,Electronics|Subcategory4
Electronics Product 120,1426.34,1698,16.0%,3.6,7450,Electronics|Subcategory5
Electronics Product 121,21524.58,25466,15.5%,4.0,767,Electronics|Subcategory1
Electronics Product 122,18516.6,33307,44.4%,4.4,5030,Electronics|Subcategory2
Electronics Product 123,26888.47,38259,29.7%,4.5,7701,Electronics|Subcategory3
Electronics Product 124,923.64,2167,57.4%,3.6,5211,Electronics|Subcategory4
Electronics Product 125,19636.53,22689,13.5%,4.3,9398,Electronics|Subcategory5
Electronics Product 126,9079.37,24714,63.3%,4.0,6851,Electronics|Subcategory1
Electronics Product 127,31439.71,38614,18.6%,4.6,2589,Electronics|Subcategory2
Electronics Product 128,6761.61,8056,16.1%,3.6,1241,Electronics|Subcategory3
Electronics Product 129,26533.98,40081,33.8%,4.8,9459,Electronics|Subcategory4
Electronics Product 130,11203.09,18924,40.8%,3.8,9630,Electronics|Subcategory5
Electronics Product 131,10198.78,27432,62.8%,3.9,7544,Electronics|Subcategory1
Electronics Product 132,20748.53,38080,45.5%,4.0,7469,Electronics|Subcategory2
Electronics Product 133,12751.57,20870,38.9%,4.1,4236,Electronics|Subcategory3
Electronics Product 134,9363.81,26289,64.4%,3.7,4318,Electronics|Subcategory4
Electronics Product 135,3775.74,5748,34.3%,4.4,6669,Electronics|Subcategory5
Electronics Product 136,5735.69,14116,59.4%,4.6,6580,Electronics|Subcategory1
Electronics Product 137,33296.5,43956,24.3%,4.1,1581,Electronics|Subcategory2
Electronics Product 138,24671.3,29016,15.0%,4.3,183,Electronics|Subcategory3
Electronics Product 139,2771.86,3105,10.7%,5.0,1902,Electronics|Subcategory4
Electronics Product 140,14129.62,38678,63.5%,4.3,5398,Electronics|Subcategory5
Electronics Product 141,12950.34,26826,51.7%,3.6,6240,Electronics|Subcategory1
Electronics Product 142,14351.21,18640,23.0%,3.9,3634,Electronics|Subcategory2
Electronics Product 143,20890.87,43356,51.8%,4.1,8712,Electronics|Subcategory3
Electronics Product 144,8948.01,25504,64.9%,4.9,5113,Electronics|Subcategory4
Electronics Product 145,16249.77,25933,37.3%,4.4,9387,Electronics|Subcategory5
Electronics Product 146,24277.45,47427,48.8%,4.1,7533,Electronics|Subcategory1
Electronics Product 147,24375.93,32921,26.0%,4.0,4885,Electronics|Subcategory2
Electronics Product 148,13289.03,21159,37.2%,3.5,5370,Electronics|Subcategory3
Electronics Product 149,9286.97,14216,34.7%,4.4,974,Electronics|Subcategory4
Electronics Product 150,10084.46,28532,64.7%,4.7,5763,Electronics|Subcategory5
Electronics Product 151,3087.44,5804,46.8%,4.1,2921,Electronics|Subcategory1
Electronics Product 152,14108.39,24793,43.1%,3.7,1065,Electronics|Subcategory2
Electronics Product 153,17565.37,28712,38.8%,5.0,7499,Electronics|Subcategory3
Electronics Product 154,3425.98,5158,33.6%,4.7,4834,Electronics|Subcategory4
Electronics Product 155,40974.39,47540,13.8%,3.6,8752,Electronics|Subcategory5
Electronics Product 156,1234.25,1384,10.8%,3.6,2050,Electronics|Subcategory1
Electronics Product 157,15124.5,33606,55.0%,4.9,7240,Electronics|Subcategory2
Electronics Product 158,11387.17,24524,53.6%,4.6,4228,Electronics|Subcategory3
Electronics Product 159,10919.33,14456,24.5%,3.8,2098,Electronics|Subcategory4
Electronics Product 160,33895.33,46106,26.5%,3.8,4594,Electronics|Subcategory5
Electronics Product 161,17272.1,38744,55.4%,3.6,7289,Electronics|Subcategory1
Electronics Product 162,9310.45,15489,39.9%,4.2,820,Electronics|Subcategory2
Electronics Product 163,21129.53,29538,28.5%,4.7,8477,Electronics|Subcategory3
Electronics Product 164,35866.85,42348,15.3%,4.7,6594,Electronics|Subcategory4
Electronics Product 165,17829.39,20198,11.7%,4.6,7046,Electronics|Subcategory5
Electronics Product 166,6290.79,13173,52.2%,3.8,6931,Electronics|Subcategory1
Electronics Product 167,4253.89,7949,46.5%,4.5,9600,Electronics|Subcategory2
Electronics Product 168,20615.89,24386,15.5%,4.6,4311,Electronics|Subcategory3
Electronics Product 169,11567.61,32703,64.6%,3.9,3227,Electronics|Subcategory4
Electronics Product 170,14561.72,44088,67.0%,3.7,6377,Electronics|Subcategory5
Electronics Product 171,12612.25,20856,39.5%,3.9,4214,Electronics|Subcategory1
Electronics Product 172,14859.61,28169,47.2%,4.0,6319,Electronics|Subcategory2
Electronics Product 173,20755.37,37586,44.8%,4.0,6304,Electronics|Subcategory3
Electronics Product 174,11320.56,18144,37.6%,4.4,6140,Electronics|Subcategory4
Electronics Product 175,6083.44,12637,51.9%,3.8,9961,Electronics|Subcategory5
Electronics Product 176,15287.79,42240,63.8%,4.2,4238,Electronics|Subcategory1
Electronics Product 177,6013.98,11161,46.1%,3.8,8006,Electronics|Subcategory2
Electronics Product 178,15596.93,22508,30.7%,4.0,6727,Electronics|Subcategory3
Electronics Product 179,8399.46,14716,42.9%,4.3,573,Electronics|Subcategory4
Electronics Product 180,7188.34,19777,63.7%,3.7,9995,Electronics|Subcategory5
Electronics Product 181,33862.05,47892,29.3%,3.6,6240,Electronics|Subcategory1
Electronics Product 182,3040.93,6240,51.3%,4.3,2928,Electronics|Subcategory2
Electronics Product 183,3986.4,5432,26.6%,4.7,1326,Electronics|Subcategory3
Electronics Product 184,17961.99,23195,22.6%,4.1,8767,Electronics|Subcategory4
Electronics Product 185,20155.28,29699,32.1%,4.2,414,Electronics|Subcategory5
Electronics Product 186,35626.2,40577,12.2%,3.9,5176,Electronics|Subcategory1
Electronics Product 187,2221.53,6122,63.7%,4.3,5920,Electronics|Subcategory2
Electronics Product 188,2115.15,2531,16.4%,4.2,6932,Electronics|Subcategory3
Electronics Product 189,26916.66,35674,24.5%,3.9,8955,Electronics|Subcategory4
Electronics Product 190,1457.32,2062,29.3%,3.8,7691,Electronics|Subcategory5
Electronics Product 191,37178.83,48915,24.0%,4.0,6218,Electronics|Subcategory1
Electronics Product 192,29925.05,43563,31.3%,4.5,9411,Electronics|Subcategory2
Electronics Product 193,15239.29,27734,45.1%,4.6,7993,Electronics|Subcategory3
Electronics Product 194,8460.62,13199,35.9%,3.7,2522,Electronics|Subcategory4
Electronics Product 195,10312.02,20123,48.8%,4.4,926,Electronics|Subcategory5
Electronics Product 196,25777.83,48045,46.3%,3.9,1783,Electronics|Subcategory1
Electronics Product 197,1960.07,2605,24.8%,3.7,7036,Electronics|Subcategory2
Electronics Product 198,9224.56,11589,20.4%,4.8,8484,Electronics|Subcategory3
Electronics Product 199,23769.48,36358,34.6%,5.0,5392,Electronics|Subcategory4
Electronics Product 200,11499.11,17389,33.9%,5.0,8245,Electronics|Subcategory5
Computers&Accessories Product 1,11475.68,23350,50.9%,3.9,2581,Computers&Accessories|Subcategory1
Computers&Accessories Product 2,27196.12,48077,43.4%,4.8,876,Computers&Accessories|Subcategory2
Computers&Accessories Product 3,7342.07,11954,38.6%,3.9,1171,Computers&Accessories|Subcategory3
Computers&Accessories Product 4,21915.55,27386,20.0%,4.5,4684,Computers&Accessories|Subcategory4
Computers&Accessories Product 5,1812.62,3048,40.5%,3.9,1858,Computers&Accessories|Subcategory5
Computers&Accessories Product 6,2400.16,2917,17.7%,4.2,2056,Computers&Accessories|Subcategory1
Computers&Accessories Product 7,42272.66,48362,12.6%,4.0,39,Computers&Accessories|Subcategory2
Computers&Accessories Product 8,15320.51,17644,13.2%,4.9,2090,Computers&Accessories|Subcategory3
Computers&Accessories Product 9,3112.46,6287,50.5%,3.9,2406,Computers&Accessories|Subcategory4
Computers&Accessories Product 10,17014.84,20216,15.8%,4.2,2068,Computers&Accessories|Subcategory5
Computers&Accessories Product 11,27033.13,37258,27.4%,4.8,4057,Computers&Accessories|Subcategory1
Computers&Accessories Product 12,859.24,1235,30.4%,4.8,3560,Computers&Accessories|Subcategory2
Computers&Accessories Product 13,4989.15,6256,20.3%,4.0,2590,Computers&Accessories|Subcategory3
Computers&Accessories Product 14,3458.98,6415,46.1%,3.6,3880,Computers&Accessories|Subcategory4
Computers&Accessories Product 15,22476.05,42832,47.5%,4.6,1344,Computers&Accessories|Subcategory5
Computers&Accessories Product 16,17914.13,22204,19.3%,3.8,107,Computers&Accessories|Subcategory1
Computers&Accessories Product 17,18442.64,41345,55.4%,3.9,1095,Computers&Accessories|Subcategory2
Computers&Accessories Product 18,10902.1,19520,44.1%,4.1,4741,Computers&Accessories|Subcategory3
Computers&Accessories Product 19,13132.7,29173,55.0%,4.4,4700,Computers&Accessories|Subcategory4
Computers&Accessories Product 20,11964.74,19574,38.9%,4.0,3084,Computers&Accessories|Subcategory5
Computers&Accessories Product 21,29521.09,46558,36.6%,3.6,2181,Computers&Accessories|Subcategory1
Computers&Accessories Product 22,3154.19,5018,37.1%,4.1,2656,Computers&Accessories|Subcategory2
Computers&Accessories Product 23,17170.03,32110,46.5%,4.5,2065,Computers&Accessories|Subcategory3
Computers&Accessories Product 24,11803.41,26053,54.7%,4.6,2627,Computers&Accessories|Subcategory4
Computers&Accessories Product 25,24693.51,33184,25.6%,3.8,980,Computers&Accessories|Subcategory5
Computers&Accessories Product 26,2946.47,3336,11.7%,4.3,4642,Computers&Accessories|Subcategory1
Computers&Accessories Product 27,24939.27,47714,47.7%,3.6,4940,Computers&Accessories|Subcategory2
Computers&Accessories Product 28,4949.63,7371,32.9%,4.3,3258,Computers&Accessories|Subcategory3
Computers&Accessories Product 29,17410.85,21103,17.5%,3.8,2921,Computers&Accessories|Subcategory4
Computers&Accessories Product 30,2568.15,4756,46.0%,4.4,1985,Computers&Accessories|Subcategory5
Computers&Accessories Product 31,26753.69,34561,22.6%,4.0,4136,Computers&Accessories|Subcategory1
Computers&Accessories Product 32,11042.56,15153,27.1%,3.8,844,Computers&Accessories|Subcategory2
Computers&Accessories Product 33,6838.33,11541,40.7%,4.8,3035,Computers&Accessories|Subcategory3
Computers&Accessories Product 34,26885.5,45241,40.6%,3.5,857,Computers&Accessories|Subcategory4
Computers&Accessories Product 35,12283.13,28306,56.6%,4.3,2965,Computers&Accessories|Subcategory5
Computers&Accessories Product 36,22815.87,39727,42.6%,4.6,3479,Computers&Accessories|Subcategory1
Computers&Accessories Product 37,11449.18,21530,46.8%,4.8,3827,Computers&Accessories|Subcategory2
Computers&Accessories Product 38,32974.83,48882,32.5%,3.7,3506,Computers&Accessories|Subcategory3
Computers&Accessories Product 39,17869.29,37185,51.9%,3.7,2902,Computers&Accessories|Subcategory4
Computers&Accessories Product 40,17132.51,36840,53.5%,4.2,2738,Computers&Accessories|Subcategory5
Computers&Accessories Product 41,11077.03,12694,12.7%,4.0,3537,Computers&Accessories|Subcategory1
Computers&Accessories Product 42,36108.44,40224,10.2%,4.0,604,Computers&Accessories|Subcategory2
Computers&Accessories Product 43,15575.48,35393,56.0%,4.0,3311,Computers&Accessories|Subcategory3
Computers&Accessories Product 44,5135.06,9666,46.9%,4.1,984,Computers&Accessories|Subcategory4
Computers&Accessories Product 45,2648.89,5971,55.6%,3.8,4150,Computers&Accessories|Subcategory5
Computers&Accessories Product 46,2443.56,2990,18.3%,3.5,4410,Computers&Accessories|Subcategory1
Computers&Accessories Product 47,22633.71,29734,23.9%,3.8,3150,Computers&Accessories|Subcategory2
Computers&Accessories Product 48,2493.3,5944,58.1%,3.7,3731,Computers&Accessories|Subcategory3
Computers&Accessories Product 49,22219.3,25917,14.3%,4.9,4452,Computers&Accessories|Subcategory4
Computers&Accessories Product 50,8183.43,10984,25.5%,4.1,2512,Computers&Accessories|Subcategory5
Computers&Accessories Product 51,12723.77,25442,50.0%,4.0,2747,Computers&Accessories|Subcategory1
Computers&Accessories Product 52,25527.71,28952,11.8%,4.2,3525,Computers&Accessories|Subcategory2
Computers&Accessories Product 53,21305.77,24570,13.3%,4.6,3087,Computers&Accessories|Subcategory3
Computers&Accessories Product 54,18897.74,29865,36.7%,4.2,3323,Computers&Accessories|Subcategory4
Computers&Accessories Product 55,20467.84,39565,48.3%,3.6,3365,Computers&Accessories|Subcategory5
Computers&Accessories Product 56,5696.26,13342,57.3%,4.0,1511,Computers&Accessories|Subcategory1
Computers&Accessories Product 57,7063.03,11093,36.3%,4.6,84,Computers&Accessories|Subcategory2
Computers&Accessories Product 58,19881.65,41411,52.0%,4.7,3109,Computers&Accessories|Subcategory3
Computers&Accessories Product 59,36585.0,46368,21.1%,3.8,2520,Computers&Accessories|Subcategory4
Computers&Accessories Product 60,8071.6,9519,15.2%,4.6,3705,Computers&Accessories|Subcategory5
Computers&Accessories Product 61,19868.91,36822,46.0%,4.6,1341,Computers&Accessories|Subcategory1
Computers&Accessories Product 62,23719.37,48917,51.5%,4.1,194,Computers&Accessories|Subcategory2
Computers&Accessories Product 63,16868.46,22389,24.7%,4.8,4455,Computers&Accessories|Subcategory3
Computers&Accessories Product 64,13558.44,17032,20.4%,3.5,3482,Computers&Accessories|Subcategory4
Computers&Accessories Product 65,26087.94,42874,39.2%,4.1,543,Computers&Accessories|Subcategory5
Computers&Accessories Product 66,21557.29,43880,50.9%,4.0,4871,Computers&Accessories|Subcategory1
Computers&Accessories Product 67,11616.7,16358,29.0%,4.3,4521,Computers&Accessories|Subcategory2
Computers&Accessories Product 68,11344.59,15596,27.3%,4.6,3607,Computers&Accessories|Subcategory3
Computers&Accessories Product 69,22884.52,44861,49.0%,3.7,2709,Computers&Accessories|Subcategory4
Computers&Accessories Product 70,1406.16,3106,54.7%,4.6,2798,Computers&Accessories|Subcategory5
Computers&Accessories Product 71,26244.35,29529,11.1%,3.9,2629,Computers&Accessories|Subcategory1
Computers&Accessories Product 72,22047.84,37801,41.7%,3.9,1331,Computers&Accessories|Subcategory2
Computers&Accessories Product 73,19068.32,42401,55.0%,4.5,834,Computers&Accessories|Subcategory3
Computers&Accessories Product 74,8531.87,17458,51.1%,4.2,2119,Computers&Accessories|Subcategory4
Computers&Accessories Product 75,25545.41,39243,34.9%,3.6,4713,Computers&Accessories|Subcategory5
Computers&Accessories Product 76,2220.08,2622,15.3%,3.7,2104,Computers&Accessories|Subcategory1
Computers&Accessories Product 77,32019.51,41760,23.3%,4.5,639,Computers&Accessories|Subcategory2
Computers&Accessories Product 78,18662.85,31987,41.7%,4.2,2983,Computers&Accessories|Subcategory3
Computers&Accessories Product 79,8745.95,12664,30.9%,4.0,2711,Computers&Accessories|Subcategory4
Computers&Accessories Product 80,32779.11,37397,12.3%,3.7,1416,Computers&Accessories|Subcategory5
Computers&Accessories Product 81,17310.34,20250,14.5%,4.6,4154,Computers&Accessories|Subcategory1
Computers&Accessories Product 82,11083.94,25063,55.8%,4.5,1280,Computers&Accessories|Subcategory2
Computers&Accessories Product 83,20888.17,29769,29.8%,4.8,4531,Computers&Accessories|Subcategory3
Computers&Accessories Product 84,19704.67,24863,20.7%,3.5,1792,Computers&Accessories|Subcategory4
Computers&Accessories Product 85,28840.11,32987,12.6%,4.2,4490,Computers&Accessories|Subcategory5
Computers&Accessories Product 86,29234.51,39890,26.7%,4.6,1554,Computers&Accessories|Subcategory1
Computers&Accessories Product 87,30950.93,35888,13.8%,4.5,1270,Computers&Accessories|Subcategory2
Computers&Accessories Product 88,589.15,1060,44.4%,4.1,4256,Computers&Accessories|Subcategory3
Computers&Accessories Product 89,14581.01,29145,50.0%,4.5,3579,Computers&Accessories|Subcategory4
Computers&Accessories Product 90,13054.02,21581,39.5%,4.0,3145,Computers&Accessories|Subcategory5
Computers&Accessories Product 91,2132.46,5090,58.1%,4.6,3670,Computers&Accessories|Subcategory1
Computers&Accessories Product 92,18841.63,29470,36.1%,3.6,3693,Computers&Accessories|Subcategory2
Computers&Accessories Product 93,13432.05,25791,47.9%,4.4,3182,Computers&Accessories|Subcategory3
Computers&Accessories Product 94,1479.36,2750,46.2%,4.4,3756,Computers&Accessories|Subcategory4
Computers&Accessories Product 95,11154.62,26064,57.2%,3.6,4903,Computers&Accessories|Subcategory5
Computers&Accessories Product 96,13432.25,30711,56.3%,3.8,3187,Computers&Accessories|Subcategory1
Computers&Accessories Product 97,22248.43,29921,25.6%,3.7,4262,Computers&Accessories|Subcategory2
Computers&Accessories Product 98,5307.03,12122,56.2%,4.9,4852,Computers&Accessories|Subcategory3
Computers&Accessories Product 99,23378.91,35268,33.7%,4.7,964,Computers&Accessories|Subcategory4
Computers&Accessories Product 100,15124.43,20426,26.0%,4.7,1212,Computers&Accessories|Subcategory5
Computers&Accessories Product 101,30595.07,36435,16.0%,3.6,3013,Computers&Accessories|Subcategory1
Computers&Accessories Product 102,17582.75,32705,46.2%,3.6,3989,Computers&Accessories|Subcategory2
Computers&Accessories Product 103,4819.31,7640,36.9%,4.4,2799,Computers&Accessories|Subcategory3
Computers&Accessories Product 104,22525.16,49288,54.3%,4.4,3551,Computers&Accessories|Subcategory4
Computers&Accessories Product 105,6357.11,9502,33.1%,4.9,4376,Computers&Accessories|Subcategory5
Computers&Accessories Product 106,24565.03,30430,19.3%,4.0,3840,Computers&Accessories|Subcategory1
Computers&Accessories Product 107,12667.03,31586,59.9%,4.0,2062,Computers&Accessories|Subcategory2
Computers&Accessories Product 108,6228.79,9436,34.0%,4.3,1801,Computers&Accessories|Subcategory3
Computers&Accessories Product 109,5992.27,11616,48.4%,4.1,3460,Computers&Accessories|Subcategory4
Computers&Accessories Product 110,7301.13,13676,46.6%,3.5,3530,Computers&Accessories|Subcategory5
Computers&Accessories Product 111,26252.1,34933,24.9%,4.7,175,Computers&Accessories|Subcategory1
Computers&Accessories Product 112,29083.8,48037,39.5%,3.9,2662,Computers&Accessories|Subcategory2
Computers&Accessories Product 113,3888.85,5494,29.2%,4.5,2264,Computers&Accessories|Subcategory3
Computers&Accessories Product 114,22044.74,44001,49.9%,3.9,4835,Computers&Accessories|Subcategory4
Computers&Accessories Product 115,831.56,1806,54.0%,4.8,40,Computers&Accessories|Subcategory5
Computers&Accessories Product 116,18247.95,30757,40.7%,3.7,4897,Computers&Accessories|Subcategory1
Computers&Accessories Product 117,28751.93,49988,42.5%,4.4,3594,Computers&Accessories|Subcategory2
Computers&Accessories Product 118,27586.47,35157,21.5%,3.7,2295,Computers&Accessories|Subcategory3
Computers&Accessories Product 119,14780.23,18320,19.3%,4.6,3875,Computers&Accessories|Subcategory4
Computers&Accessories Product 120,14700.32,16876,12.9%,4.9,2766,Computers&Accessories|Subcategory5
Computers&Accessories Product 121,20759.5,47600,56.4%,4.9,1626,Computers&Accessories|Subcategory1
Computers&Accessories Product 122,30794.24,43874,29.8%,4.6,2139,Computers&Accessories|Subcategory2
Computers&Accessories Product 123,21805.49,48319,54.9%,4.1,4906,Computers&Accessories|Subcategory3
Computers&Accessories Product 124,4359.49,8287,47.4%,3.5,4705,Computers&Accessories|Subcategory4
Computers&Accessories Product 125,16777.21,35701,53.0%,4.1,2712,Computers&Accessories|Subcategory5
Computers&Accessories Product 126,15165.05,33284,54.4%,4.8,1385,Computers&Accessories|Subcategory1
Computers&Accessories Product 127,14778.52,29841,50.5%,4.4,1448,Computers&Accessories|Subcategory2
Computers&Accessories Product 128,11539.4,16585,30.4%,4.0,4002,Computers&Accessories|Subcategory3
Computers&Accessories Product 129,4104.73,6295,34.8%,3.6,3417,Computers&Accessories|Subcategory4
Computers&Accessories Product 130,6087.91,10903,44.2%,3.6,4718,Computers&Accessories|Subcategory5
Computers&Accessories Product 131,25445.3,39001,34.8%,4.2,2426,Computers&Accessories|Subcategory1
Computers&Accessories Product 132,9531.79,19546,51.2%,4.0,3960,Computers&Accessories|Subcategory2
Computers&Accessories Product 133,21133.55,27572,23.4%,4.7,2413,Computers&Accessories|Subcategory3
Computers&Accessories Product 134,16031.44,20623,22.3%,3.7,1734,Computers&Accessories|Subcategory4
Computers&Accessories Product 135,19592.93,40692,51.9%,4.5,4481,Computers&Accessories|Subcategory5
Computers&Accessories Product 136,11929.44,21670,44.9%,3.8,586,Computers&Accessories|Subcategory1
Computers&Accessories Product 137,6683.99,10017,33.3%,4.7,4551,Computers&Accessories|Subcategory2
Computers&Accessories Product 138,20252.31,41329,51.0%,3.8,1604,Computers&Accessories|Subcategory3
Computers&Accessories Product 139,33968.25,37766,10.1%,4.3,618,Computers&Accessories|Subcategory4
Computers&Accessories Product 140,21260.85,27588,22.9%,3.8,3147,Computers&Accessories|Subcategory5
Computers&Accessories Product 141,4455.17,10882,59.1%,4.4,4825,Computers&Accessories|Subcategory1
Computers&Accessories Product 142,24136.21,38311,37.0%,4.6,2544,Computers&Accessories|Subcategory2
Computers&Accessories Product 143,43218.27,48517,10.9%,4.1,3932,Computers&Accessories|Subcategory3
Computers&Accessories Product 144,1421.28,2435,41.6%,4.8,307,Computers&Accessories|Subcategory4
Computers&Accessories Product 145,11795.98,14507,18.7%,4.6,4856,Computers&Accessories|Subcategory5
Computers&Accessories Product 146,26364.91,48295,45.4%,3.6,915,Computers&Accessories|Subcategory1
Computers&Accessories Product 147,18937.82,21953,13.7%,4.7,4829,Computers&Accessories|Subcategory2
Computers&Accessories Product 148,17507.76,25860,32.3%,4.4,2458,Computers&Accessories|Subcategory3
Computers&Accessories Product 149,24929.46,28083,11.2%,3.5,4029,Computers&Accessories|Subcategory4
Computers&Accessories Product 150,22105.91,28570,22.6%,3.5,3583,Computers&Accessories|Subcategory5
Computers&Accessories Product 151,17994.02,27029,33.4%,4.8,68,Computers&Accessories|Subcategory1
Computers&Accessories Product 152,2182.27,4342,49.7%,4.5,1853,Computers&Accessories|Subcategory2
Computers&Accessories Product 153,26737.04,47766,44.0%,4.4,3808,Computers&Accessories|Subcategory3
Computers&Accessories Product 154,37441.7,45413,17.6%,4.1,4146,Computers&Accessories|Subcategory4
Computers&Accessories Product 155,27753.14,40214,31.0%,4.4,1712,Computers&Accessories|Subcategory5
Computers&Accessories Product 156,13544.34,33196,59.2%,4.1,3993,Computers&Accessories|Subcategory1
Computers&Accessories Product 157,11059.22,20982,47.3%,3.8,3086,Computers&Accessories|Subcategory2
Computers&Accessories Product 158,23194.58,42752,45.7%,4.3,2285,Computers&Accessories|Subcategory3
Computers&Accessories Product 159,8731.47,20994,58.4%,3.8,3706,Computers&Accessories|Subcategory4
Computers&Accessories Product 160,3605.49,4380,17.7%,4.1,3663,Computers&Accessories|Subcategory5
Computers&Accessories Product 161,28253.13,31707,10.9%,4.6,722,Computers&Accessories|Subcategory1
Computers&Accessories Product 162,2925.38,6655,56.0%,4.4,556,Computers&Accessories|Subcategory2
Computers&Accessories Product 163,3799.0,4224,10.1%,4.3,3995,Computers&Accessories|Subcategory3
Computers&Accessories Product 164,11291.82,14547,22.4%,4.3,1046,Computers&Accessories|Subcategory4
Computers&Accessories Product 165,4502.56,6109,26.3%,4.3,613,Computers&Accessories|Subcategory5
Computers&Accessories Product 166,20682.04,30759,32.8%,3.5,303,Computers&Accessories|Subcategory1
Computers&Accessories Product 167,19415.85,27589,29.6%,4.2,4732,Computers&Accessories|Subcategory2
Computers&Accessories Product 168,31769.36,42125,24.6%,4.5,2073,Computers&Accessories|Subcategory3
Computers&Accessories Product 169,9627.08,21581,55.4%,4.5,3792,Computers&Accessories|Subcategory4
Computers&Accessories Product 170,39008.95,47167,17.3%,3.6,3147,Computers&Accessories|Subcategory5
Computers&Accessories Product 171,35239.8,39559,10.9%,4.2,2750,Computers&Accessories|Subcategory1
Computers&Accessories Product 172,5072.33,9905,48.8%,4.8,31,Computers&Accessories|Subcategory2
Computers&Accessories Product 173,6307.5,7368,14.4%,4.0,947,Computers&Accessories|Subcategory3
Computers&Accessories Product 174,18178.4,44201,58.9%,3.8,2199,Computers&Accessories|Subcategory4
Computers&Accessories Product 175,8498.3,17369,51.1%,3.6,457,Computers&Accessories|Subcategory5
Computers&Accessories Product 176,5940.64,7090,16.2%,4.8,2086,Computers&Accessories|Subcategory1
Computers&Accessories Product 177,24073.22,40685,40.8%,4.4,582,Computers&Accessories|Subcategory2
Computers&Accessories Product 178,12212.58,26291,53.5%,4.5,3419,Computers&Accessories|Subcategory3
Computers&Accessories Product 179,19485.93,26683,27.0%,4.6,2084,Computers&Accessories|Subcategory4
Computers&Accessories Product 180,15490.4,34226,54.7%,4.3,3415,Computers&Accessories|Subcategory5
Computers&Accessories Product 181,11728.2,17405,32.6%,4.4,4934,Computers&Accessories|Subcategory1
Computers&Accessories Product 182,20791.87,30545,31.9%,4.5,2164,Computers&Accessories|Subcategory2
Computers&Accessories Product 183,37365.47,45555,18.0%,4.7,2199,Computers&Accessories|Subcategory3
Computers&Accessories Product 184,13552.9,32890,58.8%,4.0,1957,Computers&Accessories|Subcategory4
Computers&Accessories Product 185,14841.33,29380,49.5%,4.4,336,Computers&Accessories|Subcategory5
Computers&Accessories Product 186,15783.86,25363,37.8%,4.5,691,Computers&Accessories|Subcategory1
Computers&Accessories Product 187,15435.21,38412,59.8%,4.9,3001,Computers&Accessories|Subcategory2
Computers&Accessories Product 188,10493.0,15025,30.2%,3.8,382,Computers&Accessories|Subcategory3
Computers&Accessories Product 189,25221.95,31027,18.7%,4.8,2007,Computers&Accessories|Subcategory4
Computers&Accessories Product 190,932.77,1956,52.3%,4.4,2809,Computers&Accessories|Subcategory5
Computers&Accessories Product 191,13916.63,26963,48.4%,4.2,1742,Computers&Accessories|Subcategory1
Computers&Accessories Product 192,9942.8,16282,38.9%,4.1,3841,Computers&Accessories|Subcategory2
Computers&Accessories Product 193,26801.75,44585,39.9%,4.6,4420,Computers&Accessories|Subcategory3
Computers&Accessories Product 194,5332.32,13201,59.6%,3.9,4762,Computers&Accessories|Subcategory4
Computers&Accessories Product 195,32930.41,49364,33.3%,4.7,2944,Computers&Accessories|Subcategory5
Computers&Accessories Product 196,14626.81,20975,30.3%,4.3,3399,Computers&Accessories|Subcategory1
Computers&Accessories Product 197,30611.68,42899,28.6%,4.2,2370,Computers&Accessories|Subcategory2
Computers&Accessories Product 198,30054.72,45965,34.6%,3.8,4506,Computers&Accessories|Subcategory3
Computers&Accessories Product 199,21373.79,35414,39.6%,4.3,3185,Computers&Accessories|Subcategory4
Computers&Accessories Product 200,35875.37,42089,14.8%,4.4,3958,Computers&Accessories|Subcategory5
Home&Kitchen Product 1,15480.77,27616,43.9%,4.9,4456,Home&Kitchen|Subcategory1
Home&Kitchen Product 2,19668.59,44006,55.3%,4.6,7943,Home&Kitchen|Subcategory2
Home&Kitchen Product 3,8937.96,13588,34.2%,4.2,3181,Home&Kitchen|Subcategory3
Home&Kitchen Product 4,24460.01,45738,46.5%,4.3,5824,Home&Kitchen|Subcategory4
Home&Kitchen Product 5,3657.16,12083,69.7%,4.4,7543,Home&Kitchen|Subcategory5
Home&Kitchen Product 6,17043.71,39663,57.0%,4.7,675,Home&Kitchen|Subcategory1
Home&Kitchen Product 7,4063.36,7099,42.8%,4.6,2834,Home&Kitchen|Subcategory2
Home&Kitchen Product 8,3414.92,7116,52.0%,4.8,1755,Home&Kitchen|Subcategory3
Home&Kitchen Product 9,14451.32,27155,46.8%,4.9,2025,Home&Kitchen|Subcategory4
Home&Kitchen Product 10,770.74,1619,52.4%,4.0,2481,Home&Kitchen|Subcategory5
Home&Kitchen Product 11,12346.42,17001,27.4%,4.2,381,Home&Kitchen|Subcategory1
Home&Kitchen Product 12,11822.67,28420,58.4%,4.2,2632,Home&Kitchen|Subcategory2
Home&Kitchen Product 13,21960.87,29404,25.3%,4.1,6934,Home&Kitchen|Subcategory3
Home&Kitchen Product 14,13546.47,34997,61.3%,4.4,2389,Home&Kitchen|Subcategory4
Home&Kitchen Product 15,869.67,2239,61.2%,4.0,4412,Home&Kitchen|Subcategory5
Home&Kitchen Product 16,5372.63,24857,78.4%,4.6,7451,Home&Kitchen|Subcategory1
Home&Kitchen Product 17,3719.42,7638,51.3%,4.3,5513,Home&Kitchen|Subcategory2
Home&Kitchen Product 18,9502.54,13115,27.5%,4.1,4503,Home&Kitchen|Subcategory3
Home&Kitchen Product 19,2015.62,2969,32.1%,4.7,2133,Home&Kitchen|Subcategory4
Home&Kitchen Product 20,32218.31,43324,25.6%,4.7,7619,Home&Kitchen|Subcategory5
Home&Kitchen Product 21,4094.33,14669,72.1%,4.2,3973,Home&Kitchen|Subcategory1
Home&Kitchen Product 22,14654.49,49320,70.3%,4.9,6189,Home&Kitchen|Subcategory2
Home&Kitchen Product 23,12717.77,29625,57.1%,4.9,6987,Home&Kitchen|Subcategory3
Home&Kitchen Product 24,35892.52,45912,21.8%,4.9,5009,Home&Kitchen|Subcategory4
Home&Kitchen Product 25,12476.56,31659,60.6%,4.2,6195,Home&Kitchen|Subcategory5
Home&Kitchen Product 26,26906.2,47733,43.6%,4.7,3773,Home&Kitchen|Subcategory1
Home&Kitchen Product 27,3698.3,9125,59.5%,5.0,674,Home&Kitchen|Subcategory2
Home&Kitchen Product 28,1878.04,6704,72.0%,5.0,7024,Home&Kitchen|Subcategory3
Home&Kitchen Product 29,21035.02,28208,25.4%,4.3,7214,Home&Kitchen|Subcategory4
Home&Kitchen Product 30,11030.16,26923,59.0%,4.8,1767,Home&Kitchen|Subcategory5
Home&Kitchen Product 31,14616.01,27213,46.3%,4.9,6640,Home&Kitchen|Subcategory1
Home&Kitchen Product 32,21197.44,34768,39.0%,4.9,3812,Home&Kitchen|Subcategory2
Home&Kitchen Product 33,1471.99,2367,37.8%,4.6,2872,Home&Kitchen|Subcategory3
Home&Kitchen Product 34,1993.78,4726,57.8%,4.6,2290,Home&Kitchen|Subcategory4
Home&Kitchen Product 35,5779.23,10108,42.8%,4.5,1540,Home&Kitchen|Subcategory5
Home&Kitchen Product 36,21909.17,46360,52.7%,4.4,6345,Home&Kitchen|Subcategory1
Home&Kitchen Product 37,19837.39,45298,56.2%,4.7,2989,Home&Kitchen|Subcategory2
Home&Kitchen Product 38,13849.76,26537,47.8%,4.4,3965,Home&Kitchen|Subcategory3
Home&Kitchen Product 39,3649.96,7471,51.1%,4.5,6872,Home&Kitchen|Subcategory4
Home&Kitchen Product 40,1599.33,2177,26.5%,4.1,4499,Home&Kitchen|Subcategory5
Home&Kitchen Product 41,8191.01,12556,34.8%,4.5,142,Home&Kitchen|Subcategory1
Home&Kitchen Product 42,12473.25,26519,53.0%,4.7,2511,Home&Kitchen|Subcategory2
Home&Kitchen Product 43,6908.37,14178,51.3%,4.8,6862,Home&Kitchen|Subcategory3
Home&Kitchen Product 44,11257.96,42974,73.8%,4.1,6642,Home&Kitchen|Subcategory4
Home&Kitchen Product 45,5665.79,9906,42.8%,4.2,240,Home&Kitchen|Subcategory5
Home&Kitchen Product 46,28568.05,38650,26.1%,4.5,7251,Home&Kitchen|Subcategory1
Home&Kitchen Product 47,11624.29,29211,60.2%,4.9,5375,Home&Kitchen|Subcategory2
Home&Kitchen Product 48,14450.62,32010,54.9%,4.1,6913,Home&Kitchen|Subcategory3
Home&Kitchen Product 49,24441.44,43641,44.0%,5.0,2237,Home&Kitchen|Subcategory4
Home&Kitchen Product 50,15090.61,21829,30.9%,4.7,7853,Home&Kitchen|Subcategory5
Home&Kitchen Product 51,14902.98,30734,51.5%,4.7,2459,Home&Kitchen|Subcategory1
Home&Kitchen Product 52,22690.16,49368,54.0%,4.3,135,Home&Kitchen|Subcategory2
Home&Kitchen Product 53,32479.68,43435,25.2%,4.8,5391,Home&Kitchen|Subcategory3
Home&Kitchen Product 54,3144.23,6495,51.6%,4.1,6384,Home&Kitchen|Subcategory4
Home&Kitchen Product 55,6767.96,16222,58.3%,4.5,1343,Home&Kitchen|Subcategory5
Home&Kitchen Product 56,9567.57,29552,67.6%,4.6,5179,Home&Kitchen|Subcategory1
Home&Kitchen Product 57,6778.94,11617,41.6%,4.9,6395,Home&Kitchen|Subcategory2
Home&Kitchen Product 58,23920.15,36993,35.3%,4.3,6907,Home&Kitchen|Subcategory3
Home&Kitchen Product 59,20439.15,37451,45.4%,4.7,245,Home&Kitchen|Subcategory4
Home&Kitchen Product 60,16507.19,38778,57.4%,4.5,6485,Home&Kitchen|Subcategory5
Home&Kitchen Product 61,9719.91,27160,64.2%,4.9,730,Home&Kitchen|Subcategory1
Home&Kitchen Product 62,11878.17,15996,25.7%,4.0,7922,Home&Kitchen|Subcategory2
Home&Kitchen Product 63,12219.12,28042,56.4%,4.5,749,Home&Kitchen|Subcategory3
Home&Kitchen Product 64,5745.04,10160,43.5%,4.6,7521,Home&Kitchen|Subcategory4
Home&Kitchen Product 65,4644.16,22400,79.3%,4.1,7864,Home&Kitchen|Subcategory5
Home&Kitchen Product 66,15754.29,29482,46.6%,4.4,4108,Home&Kitchen|Subcategory1
Home&Kitchen Product 67,26478.83,33496,20.9%,4.3,2449,Home&Kitchen|Subcategory2
Home&Kitchen Product 68,14421.11,39467,63.5%,4.6,1290,Home&Kitchen|Subcategory3
Home&Kitchen Product 69,30494.18,40532,24.8%,4.1,4548,Home&Kitchen|Subcategory4
Home&Kitchen Product 70,6056.39,8843,31.5%,4.3,2014,Home&Kitchen|Subcategory5
Home&Kitchen Product 71,22867.85,38957,41.3%,4.1,6804,Home&Kitchen|Subcategory1
Home&Kitchen Product 72,1876.9,4713,60.2%,4.1,4355,Home&Kitchen|Subcategory2
Home&Kitchen Product 73,9868.13,15484,36.3%,4.6,166,Home&Kitchen|Subcategory3
Home&Kitchen Product 74,25273.62,41747,39.5%,4.3,5349,Home&Kitchen|Subcategory4
Home&Kitchen Product 75,11761.7,20201,41.8%,5.0,1594,Home&Kitchen|Subcategory5
Home&Kitchen Product 76,28719.41,47877,40.0%,4.6,5661,Home&Kitchen|Subcategory1
Home&Kitchen Product 77,33737.59,48556,30.5%,4.7,1116,Home&Kitchen|Subcategory2
Home&Kitchen Product 78,14346.49,29982,52.1%,4.1,732,Home&Kitchen|Subcategory3
Home&Kitchen Product 79,2414.92,4083,40.9%,4.7,7223,Home&Kitchen|Subcategory4
Home&Kitchen Product 80,2864.37,11754,75.6%,4.2,4543,Home&Kitchen|Subcategory5
Home&Kitchen Product 81,38793.25,49231,21.2%,4.7,5467,Home&Kitchen|Subcategory1
Home&Kitchen Product 82,27671.03,42323,34.6%,4.7,5303,Home&Kitchen|Subcategory2
Home&Kitchen Product 83,13833.07,21421,35.4%,4.8,4995,Home&Kitchen|Subcategory3
Home&Kitchen Product 84,5962.17,12023,50.4%,4.2,2656,Home&Kitchen|Subcategory4
Home&Kitchen Product 85,10608.84,17163,38.2%,4.3,1701,Home&Kitchen|Subcategory5
Home&Kitchen Product 86,14792.82,19792,25.3%,4.9,7212,Home&Kitchen|Subcategory1
Home&Kitchen Product 87,12259.71,19880,38.3%,4.4,7674,Home&Kitchen|Subcategory2
Home&Kitchen Product 88,8385.32,19073,56.0%,4.5,1542,Home&Kitchen|Subcategory3
Home&Kitchen Product 89,13037.84,25981,49.8%,5.0,7368,Home&Kitchen|Subcategory4
Home&Kitchen Product 90,17425.08,25819,32.5%,4.9,4237,Home&Kitchen|Subcategory5
Home&Kitchen Product 91,11075.51,26169,57.7%,4.7,4173,Home&Kitchen|Subcategory1
Home&Kitchen Product 92,2730.6,8629,68.4%,4.8,5143,Home&Kitchen|Subcategory2
Home&Kitchen Product 93,31155.8,41461,24.9%,4.4,6821,Home&Kitchen|Subcategory3
Home&Kitchen Product 94,14387.95,21609,33.4%,5.0,6197,Home&Kitchen|Subcategory4
Home&Kitchen Product 95,11992.84,49895,76.0%,4.6,6496,Home&Kitchen|Subcategory5
Home&Kitchen Product 96,7632.77,30984,75.4%,4.5,1233,Home&Kitchen|Subcategory1
Home&Kitchen Product 97,10934.41,32055,65.9%,4.2,3046,Home&Kitchen|Subcategory2
Home&Kitchen Product 98,20356.0,36298,43.9%,4.1,7384,Home&Kitchen|Subcategory3
Home&Kitchen Product 99,25406.2,49519,48.7%,4.5,7346,Home&Kitchen|Subcategory4
Home&Kitchen Product 100,35840.56,47659,24.8%,4.8,4323,Home&Kitchen|Subcategory5
Home&Kitchen Product 101,5707.33,12871,55.7%,4.9,3703,Home&Kitchen|Subcategory1
Home&Kitchen Product 102,15067.01,36262,58.4%,4.2,4449,Home&Kitchen|Subcategory2
Home&Kitchen Product 103,22632.92,38947,41.9%,4.4,5736,Home&Kitchen|Subcategory3
Home&Kitchen Product 104,23015.67,43913,47.6%,4.1,3950,Home&Kitchen|Subcategory4
Home&Kitchen Product 105,20272.36,47332,57.2%,4.3,5178,Home&Kitchen|Subcategory5
Home&Kitchen Product 106,32828.18,45936,28.5%,4.1,4385,Home&Kitchen|Subcategory1
Home&Kitchen Product 107,21546.05,29141,26.1%,4.7,7007,Home&Kitchen|Subcategory2
Home&Kitchen Product 108,21043.35,42568,50.6%,5.0,7028,Home&Kitchen|Subcategory3
Home&Kitchen Product 109,19004.74,44108,56.9%,4.3,919,Home&Kitchen|Subcategory4
Home&Kitchen Product 110,16538.82,34187,51.6%,4.4,7330,Home&Kitchen|Subcategory5
Home&Kitchen Product 111,11651.05,43468,73.2%,4.4,2144,Home&Kitchen|Subcategory1
Home&Kitchen Product 112,9164.07,15818,42.1%,4.4,1649,Home&Kitchen|Subcategory2
Home&Kitchen Product 113,11577.21,32174,64.0%,4.8,4705,Home&Kitchen|Subcategory3
Home&Kitchen Product 114,3944.77,5481,28.0%,4.4,4937,Home&Kitchen|Subcategory4
Home&Kitchen Product 115,3947.33,8758,54.9%,4.7,6107,Home&Kitchen|Subcategory5
Home&Kitchen Product 116,2804.1,6542,57.1%,4.3,2109,Home&Kitchen|Subcategory1
Home&Kitchen Product 117,10905.64,25817,57.8%,4.2,6216,Home&Kitchen|Subcategory2
Home&Kitchen Product 118,847.68,1671,49.3%,4.1,4895,Home&Kitchen|Subcategory3
Home&Kitchen Product 119,6135.46,11634,47.3%,4.8,4378,Home&Kitchen|Subcategory4
Home&Kitchen Product 120,15363.78,30300,49.3%,4.2,5783,Home&Kitchen|Subcategory5
Home&Kitchen Product 121,13762.4,38487,64.2%,4.5,5964,Home&Kitchen|Subcategory1
Home&Kitchen Product 122,16550.17,29380,43.7%,4.5,6264,Home&Kitchen|Subcategory2
Home&Kitchen Product 123,31975.9,44404,28.0%,4.1,3291,Home&Kitchen|Subcategory3
Home&Kitchen Product 124,8003.73,34160,76.6%,4.8,3731,Home&Kitchen|Subcategory4
Home&Kitchen Product 125,4535.42,7172,36.8%,4.9,4195,Home&Kitchen|Subcategory5
Home&Kitchen Product 126,8038.93,26364,69.5%,4.5,875,Home&Kitchen|Subcategory1
Home&Kitchen Product 127,15686.85,29602,47.0%,4.2,7199,Home&Kitchen|Subcategory2
Home&Kitchen Product 128,7150.23,26431,72.9%,4.1,7183,Home&Kitchen|Subcategory3
Home&Kitchen Product 129,9253.46,23614,60.8%,4.0,3676,Home&Kitchen|Subcategory4
Home&Kitchen Product 130,11016.59,29758,63.0%,4.1,507,Home&Kitchen|Subcategory5
Home&Kitchen Product 131,19845.33,25034,20.7%,5.0,6520,Home&Kitchen|Subcategory1
Home&Kitchen Product 132,17584.43,29903,41.2%,4.3,1774,Home&Kitchen|Subcategory2
Home&Kitchen Product 133,1854.03,5531,66.5%,4.7,6783,Home&Kitchen|Subcategory3
Home&Kitchen Product 134,16105.2,29138,44.7%,4.5,2137,Home&Kitchen|Subcategory4
Home&Kitchen Product 135,7537.19,11759,35.9%,4.0,5187,Home&Kitchen|Subcategory5
Home&Kitchen Product 136,8832.54,40279,78.1%,4.3,3939,Home&Kitchen|Subcategory1
Home&Kitchen Product 137,20632.3,36144,42.9%,4.2,3732,Home&Kitchen|Subcategory2
Home&Kitchen Product 138,21318.32,33125,35.6%,4.1,4412,Home&Kitchen|Subcategory3
Home&Kitchen Product 139,5688.36,21669,73.7%,4.3,3847,Home&Kitchen|Subcategory4
Home&Kitchen Product 140,13517.35,26227,48.5%,4.1,880,Home&Kitchen|Subcategory5
Home&Kitchen Product 141,10823.86,43676,75.2%,4.5,3459,Home&Kitchen|Subcategory1
Home&Kitchen Product 142,22360.29,30921,27.7%,4.3,1035,Home&Kitchen|Subcategory2
Home&Kitchen Product 143,16599.5,24953,33.5%,4.4,6046,Home&Kitchen|Subcategory3
Home&Kitchen Product 144,28700.39,40896,29.8%,4.3,6199,Home&Kitchen|Subcategory4
Home&Kitchen Product 145,18854.41,47804,60.6%,4.5,2260,Home&Kitchen|Subcategory5
Home&Kitchen Product 146,5265.11,13258,60.3%,4.3,138,Home&Kitchen|Subcategory1
Home&Kitchen Product 147,7569.03,11736,35.5%,4.5,2296,Home&Kitchen|Subcategory2
Home&Kitchen Product 148,19382.86,29044,33.3%,5.0,401,Home&Kitchen|Subcategory3
Home&Kitchen Product 149,11591.39,24911,53.5%,4.2,1859,Home&Kitchen|Subcategory4
Home&Kitchen Product 150,14154.99,29927,52.7%,5.0,2681,Home&Kitchen|Subcategory5
Home&Kitchen Product 151,18877.87,24387,22.6%,4.2,6784,Home&Kitchen|Subcategory1
Home&Kitchen Product 152,16860.62,46268,63.6%,4.8,3778,Home&Kitchen|Subcategory2
Home&Kitchen Product 153,13435.97,27062,50.4%,4.8,560,Home&Kitchen|Subcategory3
Home&Kitchen Product 154,21020.22,44285,52.5%,4.6,2843,Home&Kitchen|Subcategory4
Home&Kitchen Product 155,6032.0,9706,37.9%,4.6,2560,Home&Kitchen|Subcategory5
Home&Kitchen Product 156,8480.29,30725,72.4%,4.6,7395,Home&Kitchen|Subcategory1
Home&Kitchen Product 157,26094.28,37068,29.6%,4.5,3827,Home&Kitchen|Subcategory2
Home&Kitchen Product 158,8397.24,23656,64.5%,4.9,6119,Home&Kitchen|Subcategory3
Home&Kitchen Product 159,33655.67,49231,31.6%,4.9,3662,Home&Kitchen|Subcategory4
Home&Kitchen Product 160,1643.66,3520,53.3%,4.7,6474,Home&Kitchen|Subcategory5
Home&Kitchen Product 161,10336.64,15042,31.3%,4.4,5232,Home&Kitchen|Subcategory1
Home&Kitchen Product 162,16226.51,20363,20.3%,4.8,2713,Home&Kitchen|Subcategory2
Home&Kitchen Product 163,12992.18,36851,64.7%,4.2,3589,Home&Kitchen|Subcategory3
Home&Kitchen Product 164,23964.13,41372,42.1%,4.3,1878,Home&Kitchen|Subcategory4
Home&Kitchen Product 165,15592.3,25286,38.3%,4.9,1224,Home&Kitchen|Subcategory5
Home&Kitchen Product 166,10469.16,18081,42.1%,4.4,1143,Home&Kitchen|Subcategory1
Home&Kitchen Product 167,5181.34,19313,73.2%,4.6,1928,Home&Kitchen|Subcategory2
Home&Kitchen Product 168,4921.57,8909,44.8%,4.7,2552,Home&Kitchen|Subcategory3
Home&Kitchen Product 169,6653.66,15537,57.2%,4.4,1180,Home&Kitchen|Subcategory4
Home&Kitchen Product 170,28878.15,38804,25.6%,4.6,2663,Home&Kitchen|Subcategory5
Home&Kitchen Product 171,15365.25,37060,58.5%,4.1,4531,Home&Kitchen|Subcategory1
Home&Kitchen Product 172,11218.82,24225,53.7%,4.6,2913,Home&Kitchen|Subcategory2
Home&Kitchen Product 173,17555.25,44543,60.6%,4.8,6402,Home&Kitchen|Subcategory3
Home&Kitchen Product 174,18038.84,29731,39.3%,4.6,6454,Home&Kitchen|Subcategory4
Home&Kitchen Product 175,5241.0,13693,61.7%,4.7,5533,Home&Kitchen|Subcategory5
Home&Kitchen Product 176,26196.0,38861,32.6%,4.8,2166,Home&Kitchen|Subcategory1
Home&Kitchen Product 177,12127.29,17044,28.8%,4.3,1306,Home&Kitchen|Subcategory2
Home&Kitchen Product 178,8752.96,11720,25.3%,4.2,2910,Home&Kitchen|Subcategory3
Home&Kitchen Product 179,9341.94,26051,64.1%,5.0,1119,Home&Kitchen|Subcategory4
Home&Kitchen Product 180,9375.52,22621,58.6%,4.4,1383,Home&Kitchen|Subcategory5
Home&Kitchen Product 181,21794.3,31447,30.7%,4.7,5778,Home&Kitchen|Subcategory1
Home&Kitchen Product 182,6860.7,19509,64.8%,4.7,4797,Home&Kitchen|Subcategory2
Home&Kitchen Product 183,3032.4,4471,32.2%,4.6,237,Home&Kitchen|Subcategory3
Home&Kitchen Product 184,25135.04,35865,29.9%,4.7,1985,Home&Kitchen|Subcategory4
Home&Kitchen Product 185,3314.69,7397,55.2%,4.7,2000,Home&Kitchen|Subcategory5
Home&Kitchen Product 186,4710.44,19994,76.4%,4.3,7569,Home&Kitchen|Subcategory1
Home&Kitchen Product 187,1662.87,6017,72.4%,4.8,6152,Home&Kitchen|Subcategory2
Home&Kitchen Product 188,13998.44,43963,68.2%,4.5,6504,Home&Kitchen|Subcategory3
Home&Kitchen Product 189,31937.46,44363,28.0%,4.1,6986,Home&Kitchen|Subcategory4
Home&Kitchen Product 190,1552.9,6105,74.6%,4.8,2759,Home&Kitchen|Subcategory5
Home&Kitchen Product 191,33550.75,43821,23.4%,4.2,7631,Home&Kitchen|Subcategory1
Home&Kitchen Product 192,21335.13,38051,43.9%,4.9,5180,Home&Kitchen|Subcategory2
Home&Kitchen Product 193,36907.64,46603,20.8%,4.3,4813,Home&Kitchen|Subcategory3
Home&Kitchen Product 194,21819.16,28037,22.2%,4.3,2074,Home&Kitchen|Subcategory4
Home&Kitchen Product 195,6775.69,20675,67.2%,5.0,3571,Home&Kitchen|Subcategory5
Home&Kitchen Product 196,18970.05,35782,47.0%,4.8,5775,Home&Kitchen|Subcategory1
Home&Kitchen Product 197,21719.17,42800,49.3%,4.0,2743,Home&Kitchen|Subcategory2
Home&Kitchen Product 198,10702.71,41785,74.4%,4.1,6439,Home&Kitchen|Subcategory3
Home&Kitchen Product 199,10000.56,18073,44.7%,4.3,6882,Home&Kitchen|Subcategory4
Home&Kitchen Product 200,5512.15,15289,63.9%,4.5,5691,Home&Kitchen|Subcategory5
Toys&Games Product 1,5852.36,12918,54.7%,4.3,2559,Toys&Games|Subcategory1
Toys&Games Product 2,27651.21,37727,26.7%,4.7,2381,Toys&Games|Subcategory2
Toys&Games Product 3,16239.7,29228,44.4%,4.0,2372,Toys&Games|Subcategory3
Toys&Games Product 4,13739.6,19322,28.9%,4.9,1951,Toys&Games|Subcategory4
Toys&Games Product 5,13338.57,17376,23.2%,3.8,648,Toys&Games|Subcategory5
Toys&Games Product 6,16719.05,25259,33.8%,3.9,617,Toys&Games|Subcategory1
Toys&Games Product 7,12363.75,20446,39.5%,5.0,592,Toys&Games|Subcategory2
Toys&Games Product 8,5693.82,8521,33.2%,4.5,2490,Toys&Games|Subcategory3
Toys&Games Product 9,27515.32,45629,39.7%,4.5,1537,Toys&Games|Subcategory4
Toys&Games Product 10,6322.94,13485,53.1%,4.3,1557,Toys&Games|Subcategory5
Toys&Games Product 11,7179.57,15357,53.2%,4.6,117,Toys&Games|Subcategory1
Toys&Games Product 12,8247.0,12407,33.5%,4.6,607,Toys&Games|Subcategory2
Toys&Games Product 13,4728.06,9535,50.4%,3.9,590,Toys&Games|Subcategory3
Toys&Games Product 14,20402.21,49777,59.0%,4.8,2628,Toys&Games|Subcategory4
Toys&Games Product 15,27063.52,38823,30.3%,4.8,1197,Toys&Games|Subcategory5
Toys&Games Product 16,5238.8,10283,49.1%,4.4,2443,Toys&Games|Subcategory1
Toys&Games Product 17,5451.98,11983,54.5%,4.9,2671,Toys&Games|Subcategory2
Toys&Games Product 18,1322.47,1781,25.7%,4.3,2125,Toys&Games|Subcategory3
Toys&Games Product 19,24531.9,40961,40.1%,4.5,1803,Toys&Games|Subcategory4
Toys&Games Product 20,10127.8,14565,30.5%,4.1,1597,Toys&Games|Subcategory5
Toys&Games Product 21,21087.81,42971,50.9%,4.2,1834,Toys&Games|Subcategory1
Toys&Games Product 22,16194.19,24128,32.9%,3.9,2776,Toys&Games|Subcategory2
Toys&Games Product 23,23090.39,30450,24.2%,4.4,2575,Toys&Games|Subcategory3
Toys&Games Product 24,17434.25,34243,49.1%,4.1,2634,Toys&Games|Subcategory4
Toys&Games Product 25,15037.87,22384,32.8%,4.9,1147,Toys&Games|Subcategory5
Toys&Games Product 26,11310.7,14521,22.1%,4.6,2453,Toys&Games|Subcategory1
Toys&Games Product 27,11596.97,20206,42.6%,4.2,302,Toys&Games|Subcategory2
Toys&Games Product 28,11561.47,14937,22.6%,4.4,2287,Toys&Games|Subcategory3
Toys&Games Product 29,17187.17,20584,16.5%,4.2,2995,Toys&Games|Subcategory4
Toys&Games Product 30,23065.9,47971,51.9%,4.2,2433,Toys&Games|Subcategory5
Toys&Games Product 31,3127.81,6906,54.7%,4.8,2881,Toys&Games|Subcategory1
Toys&Games Product 32,19046.47,45918,58.5%,4.3,1930,Toys&Games|Subcategory2
Toys&Games Product 33,916.2,2283,59.9%,5.0,1614,Toys&Games|Subcategory3
Toys&Games Product 34,7470.91,9438,20.8%,4.6,2198,Toys&Games|Subcategory4
Toys&Games Product 35,37119.83,44360,16.3%,4.8,2712,Toys&Games|Subcategory5
Toys&Games Product 36,26028.0,33994,23.4%,4.8,1415,Toys&Games|Subcategory1
Toys&Games Product 37,27612.56,45517,39.3%,4.7,1438,Toys&Games|Subcategory2
Toys&Games Product 38,11023.49,22953,52.0%,4.4,2792,Toys&Games|Subcategory3
Toys&Games Product 39,10723.88,17087,37.2%,4.8,495,Toys&Games|Subcategory4
Toys&Games Product 40,31781.32,42945,26.0%,3.9,1261,Toys&Games|Subcategory5
Toys&Games Product 41,13563.09,25765,47.4%,4.3,2613,Toys&Games|Subcategory1
Toys&Games Product 42,23838.45,46096,48.3%,4.0,1118,Toys&Games|Subcategory2
Toys&Games Product 43,26725.98,40864,34.6%,4.5,2340,Toys&Games|Subcategory3
Toys&Games Product 44,3887.95,7980,51.3%,4.8,950,Toys&Games|Subcategory4
Toys&Games Product 45,10768.22,13576,20.7%,4.6,1109,Toys&Games|Subcategory5
Toys&Games Product 46,20751.04,38346,45.9%,3.9,1978,Toys&Games|Subcategory1
Toys&Games Product 47,5436.29,11693,53.5%,4.1,987,Toys&Games|Subcategory2
Toys&Games Product 48,27233.2,37598,27.6%,4.6,2583,Toys&Games|Subcategory3
Toys&Games Product 49,21185.82,34209,38.1%,4.2,552,Toys&Games|Subcategory4
Toys&Games Product 50,3733.5,7370,49.3%,4.3,2039,Toys&Games|Subcategory5
Toys&Games Product 51,13297.61,17843,25.5%,4.8,1807,Toys&Games|Subcategory1
Toys&Games Product 52,13595.45,30516,55.4%,4.6,665,Toys&Games|Subcategory2
Toys&Games Product 53,7154.59,8418,15.0%,4.0,1397,Toys&Games|Subcategory3
Toys&Games Product 54,11019.05,16223,32.1%,4.1,520,Toys&Games|Subcategory4
Toys&Games Product 55,7944.73,10031,20.8%,4.3,2066,Toys&Games|Subcategory5
Toys&Games Product 56,8316.59,13109,36.6%,3.8,443,Toys&Games|Subcategory1
Toys&Games Product 57,20427.38,24383,16.2%,5.0,681,Toys&Games|Subcategory2
Toys&Games Product 58,10285.84,19351,46.8%,5.0,2966,Toys&Games|Subcategory3
Toys&Games Product 59,23237.19,43409,46.5%,4.8,2240,Toys&Games|Subcategory4
Toys&Games Product 60,28208.31,49454,43.0%,4.5,1679,Toys&Games|Subcategory5
Toys&Games Product 61,8962.8,14686,39.0%,4.6,417,Toys&Games|Subcategory1
Toys&Games Product 62,21372.32,35228,39.3%,3.9,305,Toys&Games|Subcategory2
Toys&Games Product 63,4994.85,7816,36.1%,4.2,1246,Toys&Games|Subcategory3
Toys&Games Product 64,21839.68,30492,28.4%,4.2,2289,Toys&Games|Subcategory4
Toys&Games Product 65,28004.37,33808,17.2%,4.9,1819,Toys&Games|Subcategory5
Toys&Games Product 66,8708.83,15849,45.1%,4.5,1675,Toys&Games|Subcategory1
Toys&Games Product 67,5191.39,6374,18.6%,4.1,2948,Toys&Games|Subcategory2
Toys&Games Product 68,7150.01,10885,34.3%,4.1,513,Toys&Games|Subcategory3
Toys&Games Product 69,1533.45,2492,38.5%,3.9,1319,Toys&Games|Subcategory4
Toys&Games Product 70,26643.1,45900,42.0%,3.9,2064,Toys&Games|Subcategory5
Toys&Games Product 71,3687.51,8368,55.9%,4.6,996,Toys&Games|Subcategory1
Toys&Games Product 72,9980.38,21961,54.6%,4.5,362,Toys&Games|Subcategory2
Toys&Games Product 73,26970.69,33174,18.7%,4.9,2241,Toys&Games|Subcategory3
Toys&Games Product 74,30551.53,43856,30.3%,4.0,425,Toys&Games|Subcategory4
Toys&Games Product 75,6590.31,15567,57.7%,4.3,524,Toys&Games|Subcategory5
Toys&Games Product 76,10007.32,13466,25.7%,4.4,2607,Toys&Games|Subcategory1
Toys&Games Product 77,23381.86,34539,32.3%,4.4,2921,Toys&Games|Subcategory2
Toys&Games Product 78,20087.38,47571,57.8%,4.5,1404,Toys&Games|Subcategory3
Toys&Games Product 79,31893.83,43752,27.1%,4.3,2281,Toys&Games|Subcategory4
Toys&Games Product 80,20181.38,29369,31.3%,4.4,749,Toys&Games|Subcategory5
Toys&Games Product 81,4232.43,5378,21.3%,4.1,460,Toys&Games|Subcategory1
Toys&Games Product 82,7220.33,11332,36.3%,4.5,161,Toys&Games|Subcategory2
Toys&Games Product 83,4157.78,6410,35.1%,4.4,1732,Toys&Games|Subcategory3
Toys&Games Product 84,4742.67,7796,39.2%,4.8,900,Toys&Games|Subcategory4
Toys&Games Product 85,15455.13,18543,16.7%,3.9,621,Toys&Games|Subcategory5
Toys&Games Product 86,15399.33,31502,51.1%,4.5,337,Toys&Games|Subcategory1
Toys&Games Product 87,23215.7,32337,28.2%,4.9,1820,Toys&Games|Subcategory2
Toys&Games Product 88,5240.25,6463,18.9%,4.5,875,Toys&Games|Subcategory3
Toys&Games Product 89,16634.1,36634,54.6%,4.5,1594,Toys&Games|Subcategory4
Toys&Games Product 90,2998.97,5492,45.4%,3.9,926,Toys&Games|Subcategory5
Toys&Games Product 91,8091.14,18740,56.8%,4.0,38,Toys&Games|Subcategory1
Toys&Games Product 92,20548.7,45363,54.7%,4.6,1152,Toys&Games|Subcategory2
Toys&Games Product 93,24752.57,45299,45.4%,4.2,2669,Toys&Games|Subcategory3
Toys&Games Product 94,16698.41,34755,52.0%,3.8,878,Toys&Games|Subcategory4
Toys&Games Product 95,7724.01,14654,47.3%,4.8,1730,Toys&Games|Subcategory5
Toys&Games Product 96,1555.47,2875,45.9%,3.9,1009,Toys&Games|Subcategory1
Toys&Games Product 97,3058.43,4744,35.5%,4.2,1794,Toys&Games|Subcategory2
Toys&Games Product 98,7021.91,11651,39.7%,4.9,351,Toys&Games|Subcategory3
Toys&Games Product 99,32036.66,45409,29.4%,4.7,1813,Toys&Games|Subcategory4
Toys&Games Product 100,21711.46,38822,44.1%,4.6,1862,Toys&Games|Subcategory5
Toys&Games Product 101,6420.15,11058,41.9%,4.4,582,Toys&Games|Subcategory1
Toys&Games Product 102,9879.02,12381,20.2%,4.0,790,Toys&Games|Subcategory2
Toys&Games Product 103,11562.54,20539,43.7%,4.7,1648,Toys&Games|Subcategory3
Toys&Games Product 104,14963.1,31373,52.3%,5.0,2325,Toys&Games|Subcategory4
Toys&Games Product 105,7732.86,14392,46.3%,4.4,2302,Toys&Games|Subcategory5
Toys&Games Product 106,28927.52,35624,18.8%,4.3,1400,Toys&Games|Subcategory1
Toys&Games Product 107,5072.07,10428,51.4%,4.1,2988,Toys&Games|Subcategory2
Toys&Games Product 108,4074.98,8446,51.8%,3.9,2344,Toys&Games|Subcategory3
Toys&Games Product 109,6882.94,14749,53.3%,4.3,394,Toys&Games|Subcategory4
Toys&Games Product 110,25557.96,35888,28.8%,4.7,1909,Toys&Games|Subcategory5
Toys&Games Product 111,17080.47,35591,52.0%,4.8,2914,Toys&Games|Subcategory1
Toys&Games Product 112,3329.97,4134,19.4%,4.9,2739,Toys&Games|Subcategory2
Toys&Games Product 113,7677.49,11233,31.7%,3.8,1423,Toys&Games|Subcategory3
Toys&Games Product 114,13116.61,21384,38.7%,4.4,26,Toys&Games|Subcategory4
Toys&Games Product 115,3540.97,4267,17.0%,4.7,2626,Toys&Games|Subcategory5
Toys&Games Product 116,31494.46,45179,30.3%,4.4,933,Toys&Games|Subcategory1
Toys&Games Product 117,2550.26,3011,15.3%,4.3,145,Toys&Games|Subcategory2
Toys&Games Product 118,34431.26,48498,29.0%,4.6,2392,Toys&Games|Subcategory3
Toys&Games Product 119,10085.27,14703,31.4%,4.1,852,Toys&Games|Subcategory4
Toys&Games Product 120,9961.62,18438,46.0%,4.0,2904,Toys&Games|Subcategory5
Toys&Games Product 121,6758.66,8069,16.2%,4.4,2142,Toys&Games|Subcategory1
Toys&Games Product 122,3827.01,5652,32.3%,3.8,2057,Toys&Games|Subcategory2
Toys&Games Product 123,25818.07,38226,32.5%,4.0,1861,Toys&Games|Subcategory3
Toys&Games Product 124,10037.6,19693,49.0%,4.4,561,Toys&Games|Subcategory4
Toys&Games Product 125,2528.03,3169,20.2%,4.9,2713,Toys&Games|Subcategory5
Toys&Games Product 126,12633.86,31403,59.8%,4.5,816,Toys&Games|Subcategory1
Toys&Games Product 127,8991.88,21538,58.3%,4.3,2176,Toys&Games|Subcategory2
Toys&Games Product 128,26183.23,37575,30.3%,4.4,2372,Toys&Games|Subcategory3
Toys&Games Product 129,1777.47,2932,39.4%,4.7,1422,Toys&Games|Subcategory4
Toys&Games Product 130,7549.16,11582,34.8%,4.2,1459,Toys&Games|Subcategory5
Toys&Games Product 131,4826.51,5857,17.6%,4.2,1023,Toys&Games|Subcategory1
Toys&Games Product 132,11262.82,27132,58.5%,4.5,1542,Toys&Games|Subcategory2
Toys&Games Product 133,12270.37,20840,41.1%,4.0,2550,Toys&Games|Subcategory3
Toys&Games Product 134,22030.04,38772,43.2%,4.4,2502,Toys&Games|Subcategory4
Toys&Games Product 135,16279.89,40420,59.7%,4.9,2171,Toys&Games|Subcategory5
Toys&Games Product 136,6192.53,10429,40.6%,4.5,184,Toys&Games|Subcategory1
Toys&Games Product 137,39154.69,49980,21.7%,4.8,2680,Toys&Games|Subcategory2
Toys&Games Product 138,19518.09,44171,55.8%,4.0,1160,Toys&Games|Subcategory3
Toys&Games Product 139,17855.34,25842,30.9%,4.4,2313,Toys&Games|Subcategory4
Toys&Games Product 140,15074.95,29308,48.6%,4.5,996,Toys&Games|Subcategory5
Toys&Games Product 141,1602.07,2207,27.4%,4.9,1625,Toys&Games|Subcategory1
Toys&Games Product 142,14070.71,33272,57.7%,4.4,2687,Toys&Games|Subcategory2
Toys&Games Product 143,20230.51,39635,49.0%,4.4,714,Toys&Games|Subcategory3
Toys&Games Product 144,26221.65,41697,37.1%,4.4,1259,Toys&Games|Subcategory4
Toys&Games Product 145,2335.1,3454,32.4%,4.4,2828,Toys&Games|Subcategory5
Toys&Games Product 146,23850.97,40410,41.0%,4.8,101,Toys&Games|Subcategory1
Toys&Games Product 147,10547.2,22083,52.2%,4.7,2839,Toys&Games|Subcategory2
Toys&Games Product 148,17992.56,42862,58.0%,4.0,1883,Toys&Games|Subcategory3
Toys&Games Product 149,14849.2,17499,15.1%,4.6,2804,Toys&Games|Subcategory4
Toys&Games Product 150,27969.14,37703,25.8%,4.2,1366,Toys&Games|Subcategory5
Toys&Games Product 151,2918.14,3490,16.4%,5.0,1744,Toys&Games|Subcategory1
Toys&Games Product 152,14504.45,27910,48.0%,4.7,41,Toys&Games|Subcategory2
Toys&Games Product 153,31098.57,37188,16.4%,4.8,2973,Toys&Games|Subcategory3
Toys&Games Product 154,13180.12,23313,43.5%,4.6,1247,Toys&Games|Subcategory4
Toys&Games Product 155,28072.16,40105,30.0%,4.7,1329,Toys&Games|Subcategory5
Toys&Games Product 156,10616.66,21536,50.7%,5.0,2331,Toys&Games|Subcategory1
Toys&Games Product 157,9651.14,20225,52.3%,4.2,2714,Toys&Games|Subcategory2
Toys&Games Product 158,7182.02,13866,48.2%,4.8,2068,Toys&Games|Subcategory3
Toys&Games Product 159,11046.9,21620,48.9%,4.7,220,Toys&Games|Subcategory4
Toys&Games Product 160,5600.39,12390,54.8%,4.6,2770,Toys&Games|Subcategory5
Toys&Games Product 161,18401.22,29182,36.9%,3.9,433,Toys&Games|Subcategory1
Toys&Games Product 162,29351.82,35782,18.0%,4.2,929,Toys&Games|Subcategory2
Toys&Games Product 163,20044.71,33955,41.0%,4.6,2112,Toys&Games|Subcategory3
Toys&Games Product 164,23509.72,29220,19.5%,4.8,1109,Toys&Games|Subcategory4
Toys&Games Product 165,13003.47,16271,20.1%,4.8,2389,Toys&Games|Subcategory5
Toys&Games Product 166,24668.6,46505,47.0%,4.6,1970,Toys&Games|Subcategory1
Toys&Games Product 167,16761.96,36323,53.9%,4.3,1258,Toys&Games|Subcategory2
Toys&Games Product 168,3823.94,5727,33.2%,4.9,2800,Toys&Games|Subcategory3
Toys&Games Product 169,15751.52,24782,36.4%,4.1,1713,Toys&Games|Subcategory4
Toys&Games Product 170,28555.17,34204,16.5%,4.1,1324,Toys&Games|Subcategory5
Toys&Games Product 171,37377.17,48829,23.5%,4.7,2611,Toys&Games|Subcategory1
Toys&Games Product 172,25398.26,39333,35.4%,4.8,1609,Toys&Games|Subcategory2
Toys&Games Product 173,14240.94,26235,45.7%,4.1,2479,Toys&Games|Subcategory3
Toys&Games Product 174,8271.34,17237,52.0%,4.8,1065,Toys&Games|Subcategory4
Toys&Games Product 175,29015.54,47109,38.4%,4.0,1514,Toys&Games|Subcategory5
Toys&Games Product 176,4407.67,6585,33.1%,4.0,869,Toys&Games|Subcategory1
Toys&Games Product 177,5058.92,8927,43.3%,3.9,1759,Toys&Games|Subcategory2
Toys&Games Product 178,35133.69,49688,29.3%,3.8,1904,Toys&Games|Subcategory3
Toys&Games Product 179,17377.27,32897,47.2%,4.5,2276,Toys&Games|Subcategory4
Toys&Games Product 180,17032.5,28990,41.2%,4.4,2457,Toys&Games|Subcategory5
Toys&Games Product 181,8407.55,16275,48.3%,4.2,652,Toys&Games|Subcategory1
Toys&Games Product 182,15836.96,20008,20.8%,4.5,1717,Toys&Games|Subcategory2
Toys&Games Product 183,22694.53,38291,40.7%,4.9,838,Toys&Games|Subcategory3
Toys&Games Product 184,29134.46,44148,34.0%,4.3,2015,Toys&Games|Subcategory4
Toys&Games Product 185,36261.14,45452,20.2%,3.9,1968,Toys&Games|Subcategory5
Toys&Games Product 186,25923.16,45859,43.5%,4.6,925,Toys&Games|Subcategory1
Toys&Games Product 187,5670.51,7318,22.5%,4.7,1144,Toys&Games|Subcategory2
Toys&Games Product 188,20130.04,25427,20.8%,4.6,812,Toys&Games|Subcategory3
Toys&Games Product 189,7888.12,10821,27.1%,4.4,1766,Toys&Games|Subcategory4
Toys&Games Product 190,1918.38,2316,17.2%,4.2,1347,Toys&Games|Subcategory5
Toys&Games Product 191,10125.82,16206,37.5%,4.3,1539,Toys&Games|Subcategory1
Toys&Games Product 192,13074.6,23161,43.5%,4.7,892,Toys&Games|Subcategory2
Toys&Games Product 193,4673.16,10083,53.7%,4.0,2808,Toys&Games|Subcategory3
Toys&Games Product 194,17216.61,25972,33.7%,4.7,668,Toys&Games|Subcategory4
Toys&Games Product 195,10001.29,21808,54.1%,4.7,2025,Toys&Games|Subcategory5
Toys&Games Product 196,15666.66,28747,45.5%,4.5,181,Toys&Games|Subcategory1
Toys&Games Product 197,16842.99,21360,21.1%,4.6,2341,Toys&Games|Subcategory2
Toys&Games Product 198,17383.44,24554,29.2%,4.6,559,Toys&Games|Subcategory3
Toys&Games Product 199,31065.71,48591,36.1%,4.5,254,Toys&Games|Subcategory4
Toys&Games Product 200,8557.7,15562,45.0%,4.8,2121,Toys&Games|Subcategory5
Health&PersonalCare Product 1,24996.09,35441,29.5%,3.2,1619,Health&PersonalCare|Subcategory1
Health&PersonalCare Product 2,22736.88,29172,22.1%,3.7,1882,Health&PersonalCare|Subcategory2
Health&PersonalCare Product 3,21328.2,40779,47.7%,3.1,396,Health&PersonalCare|Subcategory3
Health&PersonalCare Product 4,28790.76,35926,19.9%,4.8,893,Health&PersonalCare|Subcategory4
Health&PersonalCare Product 5,15649.64,25087,37.6%,4.8,1411,Health&PersonalCare|Subcategory5
Health&PersonalCare Product 6,15916.96,20643,22.9%,4.5,128,Health&PersonalCare|Subcategory1
Health&PersonalCare Product 7,17101.7,20611,17.0%,3.4,1637,Health&PersonalCare|Subcategory2
Health&PersonalCare Product 8,2113.27,3745,43.6%,4.2,1715,Health&PersonalCare|Subcategory3
Health&PersonalCare Product 9,5303.31,6818,22.2%,3.7,1454,Health&PersonalCare|Subcategory4
Health&PersonalCare Product 10,12436.08,16493,24.6%,3.7,674,Health&PersonalCare|Subcategory5
Health&PersonalCare Product 11,25927.46,41992,38.3%,3.4,1858,Health&PersonalCare|Subcategory1
Health&PersonalCare Product 12,14621.83,21093,30.7%,4.1,382,Health&PersonalCare|Subcategory2
Health&PersonalCare Product 13,15445.0,21963,29.7%,4.8,316,Health&PersonalCare|Subcategory3
Health&PersonalCare Product 14,15440.02,21936,29.6%,4.7,992,Health&PersonalCare|Subcategory4
Health&PersonalCare Product 15,39992.68,48832,18.1%,3.4,1092,Health&PersonalCare|Subcategory5
Health&PersonalCare Product 16,42957.73,46671,8.0%,3.5,619,Health&PersonalCare|Subcategory1
Health&PersonalCare Product 17,16641.39,22729,26.8%,4.5,480,Health&PersonalCare|Subcategory2
Health&PersonalCare Product 18,22044.3,42475,48.1%,4.9,1678,Health&PersonalCare|Subcategory3
Health&PersonalCare Product 19,13818.52,27423,49.6%,4.1,1176,Health&PersonalCare|Subcategory4
Health&PersonalCare Product 20,15110.27,17616,14.2%,4.5,1232,Health&PersonalCare|Subcategory5
Health&PersonalCare Product 21,24259.47,44369,45.3%,4.7,516,Health&PersonalCare|Subcategory1
Health&PersonalCare Product 22,20520.13,24852,17.4%,5.0,465,Health&PersonalCare|Subcategory2
Health&PersonalCare Product 23,11148.4,14379,22.5%,4.3,500,Health&PersonalCare|Subcategory3
Health&PersonalCare Product 24,18244.74,34840,47.6%,3.7,1471,Health&PersonalCare|Subcategory4
Health&PersonalCare Product 25,7722.74,10915,29.2%,3.1,695,Health&PersonalCare|Subcategory5
Health&PersonalCare Product 26,23711.69,37081,36.1%,4.9,1629,Health&PersonalCare|Subcategory1
Health&PersonalCare Product 27,5873.08,6939,15.4%,3.1,1706,Health&PersonalCare|Subcategory2
Health&PersonalCare Product 28,9920.27,12185,18.6%,4.5,745,Health&PersonalCare|Subcategory3
Health&PersonalCare Product 29,19563.41,37412,47.7%,4.9,1423,Health&PersonalCare|Subcategory4
Health&PersonalCare Product 30,26764.0,45605,41.3%,3.9,723,Health&PersonalCare|Subcategory5
Health&PersonalCare Product 31,33463.61,44309,24.5%,3.1,999,Health&PersonalCare|Subcategory1
Health&PersonalCare Product 32,29534.29,39405,25.0%,3.4,1268,Health&PersonalCare|Subcategory2
Health&PersonalCare Product 33,5595.78,9811,43.0%,5.0,342,Health&PersonalCare|Subcategory3
Health&PersonalCare Product 34,27244.81,48153,43.4%,3.5,1615,Health&PersonalCare|Subcategory4
Health&PersonalCare Product 35,25262.65,29328,13.9%,4.9,569,Health&PersonalCare|Subcategory5
Health&PersonalCare Product 36,16430.01,31527,47.9%,4.0,1365,Health&PersonalCare|Subcategory1
Health&PersonalCare Product 37,16833.57,22642,25.7%,4.8,320,Health&PersonalCare|Subcategory2
Health&PersonalCare Product 38,30075.82,31873,5.6%,4.7,806,Health&PersonalCare|Subcategory3
Health&PersonalCare Product 39,3668.25,4642,21.0%,4.4,1844,Health&PersonalCare|Subcategory4
Health&PersonalCare Product 40,13457.29,25820,47.9%,4.9,529,Health&PersonalCare|Subcategory5
Health&PersonalCare Product 41,11649.1,20596,43.4%,4.5,504,Health&PersonalCare|Subcategory1
Health&PersonalCare Product 42,18118.83,24360,25.6%,4.6,1629,Health&PersonalCare|Subcategory2
Health&PersonalCare Product 43,17735.07,29247,39.4%,4.7,1077,Health&PersonalCare|Subcategory3
Health&PersonalCare Product 44,7706.27,13424,42.6%,4.6,1545,Health&PersonalCare|Subcategory4
Health&PersonalCare Product 45,13989.78,16515,15.3%,4.3,1761,Health&PersonalCare|Subcategory5
Health&PersonalCare Product 46,15783.68,19601,19.5%,4.7,465,Health&PersonalCare|Subcategory1
Health&PersonalCare Product 47,9193.16,10135,9.3%,3.9,898,Health&PersonalCare|Subcategory2
Health&PersonalCare Product 48,28032.3,38212,26.6%,4.3,19,Health&PersonalCare|Subcategory3
Health&PersonalCare Product 49,3105.35,3787,18.0%,3.8,676,Health&PersonalCare|Subcategory4
Health&PersonalCare Product 50,2953.01,3176,7.0%,4.5,1786,Health&PersonalCare|Subcategory5
Health&PersonalCare Product 51,22801.2,29482,22.7%,4.5,1708,Health&PersonalCare|Subcategory1
Health&PersonalCare Product 52,21690.42,41546,47.8%,4.2,727,Health&PersonalCare|Subcategory2
Health&PersonalCare Product 53,39123.69,46740,16.3%,4.1,1124,Health&PersonalCare|Subcategory3
Health&PersonalCare Product 54,1377.76,2105,34.5%,3.5,1091,Health&PersonalCare|Subcategory4
Health&PersonalCare Product 55,13811.13,25729,46.3%,3.2,1299,Health&PersonalCare|Subcategory5
Health&PersonalCare Product 56,11570.08,13602,14.9%,3.1,1923,Health&PersonalCare|Subcategory1
Health&PersonalCare Product 57,23339.86,26792,12.9%,4.7,1782,Health&PersonalCare|Subcategory2
Health&PersonalCare Product 58,14381.87,27536,47.8%,4.2,660,Health&PersonalCare|Subcategory3
Health&PersonalCare Product 59,2666.96,3871,31.1%,4.0,291,Health&PersonalCare|Subcategory4
Health&PersonalCare Product 60,39315.44,44410,11.5%,3.9,336,Health&PersonalCare|Subcategory5
Health&PersonalCare Product 61,21969.59,40065,45.2%,3.8,141,Health&PersonalCare|Subcategory1
Health&PersonalCare Product 62,32955.6,44798,26.4%,4.0,637,Health&PersonalCare|Subcategory2
Health&PersonalCare Product 63,25272.11,36948,31.6%,3.4,1180,Health&PersonalCare|Subcategory3
Health&PersonalCare Product 64,16834.44,29783,43.5%,3.4,1538,Health&PersonalCare|Subcategory4
Health&PersonalCare Product 65,20174.55,21954,8.1%,4.9,430,Health&PersonalCare|Subcategory5
Health&PersonalCare Product 66,36738.32,47976,23.4%,4.6,49,Health&PersonalCare|Subcategory1
Health&PersonalCare Product 67,12223.85,15270,19.9%,4.4,1569,Health&PersonalCare|Subcategory2
Health&PersonalCare Product 68,7717.42,11775,34.5%,3.3,1986,Health&PersonalCare|Subcategory3
Health&PersonalCare Product 69,19847.02,28056,29.3%,3.6,288,Health&PersonalCare|Subcategory4
Health&PersonalCare Product 70,41880.95,44884,6.7%,3.3,1863,Health&PersonalCare|Subcategory5
Health&PersonalCare Product 71,36616.6,38544,5.0%,3.8,575,Health&PersonalCare|Subcategory1
Health&PersonalCare Product 72,36288.28,39213,7.5%,4.9,400,Health&PersonalCare|Subcategory2
Health&PersonalCare Product 73,38780.5,47694,18.7%,3.6,1548,Health&PersonalCare|Subcategory3
Health&PersonalCare Product 74,36674.74,39578,7.3%,3.4,853,Health&PersonalCare|Subcategory4
Health&PersonalCare Product 75,12720.49,20493,37.9%,4.3,1202,Health&PersonalCare|Subcategory5
Health&PersonalCare Product 76,16770.46,27564,39.2%,4.2,1575,Health&PersonalCare|Subcategory1
Health&PersonalCare Product 77,21248.8,36517,41.8%,3.5,1980,Health&PersonalCare|Subcategory2
Health&PersonalCare Product 78,15717.35,17589,10.6%,3.7,1080,Health&PersonalCare|Subcategory3
Health&PersonalCare Product 79,24235.64,31581,23.3%,3.4,1055,Health&PersonalCare|Subcategory4
Health&PersonalCare Product 80,21094.76,29884,29.4%,3.3,281,Health&PersonalCare|Subcategory5
Health&PersonalCare Product 81,34816.61,45602,23.7%,4.5,41,Health&PersonalCare|Subcategory1
Health&PersonalCare Product 82,31753.42,38306,17.1%,4.0,986,Health&PersonalCare|Subcategory2
Health&PersonalCare Product 83,4236.57,4551,6.9%,3.5,1869,Health&PersonalCare|Subcategory3
Health&PersonalCare Product 84,18832.05,23063,18.3%,4.4,926,Health&PersonalCare|Subcategory4
Health&PersonalCare Product 85,10944.03,12108,9.6%,4.0,1762,Health&PersonalCare|Subcategory5
Health&PersonalCare Product 86,2829.6,3610,21.6%,4.9,1121,Health&PersonalCare|Subcategory1
Health&PersonalCare Product 87,18753.73,21583,13.1%,3.2,1231,Health&PersonalCare|Subcategory2
Health&PersonalCare Product 88,18309.88,20456,10.5%,3.3,518,Health&PersonalCare|Subcategory3
Health&PersonalCare Product 89,35040.62,37432,6.4%,3.1,82,Health&PersonalCare|Subcategory4
Health&PersonalCare Product 90,19337.36,22644,14.6%,4.3,254,Health&PersonalCare|Subcategory5
Health&PersonalCare Product 91,2275.33,2538,10.3%,4.5,1913,Health&PersonalCare|Subcategory1
Health&PersonalCare Product 92,885.32,1174,24.6%,4.1,1882,Health&PersonalCare|Subcategory2
Health&PersonalCare Product 93,29955.53,40874,26.7%,4.0,873,Health&PersonalCare|Subcategory3
Health&PersonalCare Product 94,18927.58,34919,45.8%,3.0,52,Health&PersonalCare|Subcategory4
Health&PersonalCare Product 95,31894.44,35675,10.6%,4.6,1834,Health&PersonalCare|Subcategory5
Health&PersonalCare Product 96,4344.36,5769,24.7%,3.5,1348,Health&PersonalCare|Subcategory1
Health&PersonalCare Product 97,11853.14,20356,41.8%,4.1,1978,Health&PersonalCare|Subcategory2
Health&PersonalCare Product 98,36194.19,39055,7.3%,4.0,292,Health&PersonalCare|Subcategory3
Health&PersonalCare Product 99,25487.72,45367,43.8%,3.4,1865,Health&PersonalCare|Subcategory4
Health&PersonalCare Product 100,29378.8,41893,29.9%,3.8,900,Health&PersonalCare|Subcategory5
Health&PersonalCare Product 101,18667.42,33298,43.9%,3.3,461,Health&PersonalCare|Subcategory1
Health&PersonalCare Product 102,23255.9,28798,19.2%,4.6,322,Health&PersonalCare|Subcategory2
Health&PersonalCare Product 103,19695.06,21452,8.2%,3.6,384,Health&PersonalCare|Subcategory3
Health&PersonalCare Product 104,7414.09,12889,42.5%,4.8,1243,Health&PersonalCare|Subcategory4
Health&PersonalCare Product 105,33602.55,38327,12.3%,3.4,1045,Health&PersonalCare|Subcategory5
Health&PersonalCare Product 106,15933.67,20581,22.6%,3.4,149,Health&PersonalCare|Subcategory1
Health&PersonalCare Product 107,1282.91,2424,47.1%,3.9,1957,Health&PersonalCare|Subcategory2
Health&PersonalCare Product 108,5412.73,7989,32.2%,3.5,1066,Health&PersonalCare|Subcategory3
Health&PersonalCare Product 109,28291.18,31013,8.8%,3.7,735,Health&PersonalCare|Subcategory4
Health&PersonalCare Product 110,23196.39,27049,14.2%,3.8,298,Health&PersonalCare|Subcategory5
Health&PersonalCare Product 111,28181.47,47220,40.3%,4.5,224,Health&PersonalCare|Subcategory1
Health&PersonalCare Product 112,6429.05,10741,40.1%,4.6,1510,Health&PersonalCare|Subcategory2
Health&PersonalCare Product 113,19479.02,38623,49.6%,3.7,840,Health&PersonalCare|Subcategory3
Health&PersonalCare Product 114,28571.77,30240,5.5%,3.9,211,Health&PersonalCare|Subcategory4
Health&PersonalCare Product 115,5933.05,11561,48.7%,3.2,1351,Health&PersonalCare|Subcategory5
Health&PersonalCare Product 116,2583.37,2988,13.5%,4.2,1978,Health&PersonalCare|Subcategory1
Health&PersonalCare Product 117,17882.76,23192,22.9%,3.5,787,Health&PersonalCare|Subcategory2
Health&PersonalCare Product 118,17308.43,23625,26.7%,3.5,1669,Health&PersonalCare|Subcategory3
Health&PersonalCare Product 119,7563.26,11825,36.0%,3.3,1472,Health&PersonalCare|Subcategory4
Health&PersonalCare Product 120,27378.86,29890,8.4%,4.9,562,Health&PersonalCare|Subcategory5
Health&PersonalCare Product 121,29937.07,47005,36.3%,3.9,1516,Health&PersonalCare|Subcategory1
Health&PersonalCare Product 122,19620.41,27990,29.9%,4.3,927,Health&PersonalCare|Subcategory2
Health&PersonalCare Product 123,13446.28,17194,21.8%,4.1,82,Health&PersonalCare|Subcategory3
Health&PersonalCare Product 124,30135.54,46536,35.2%,4.2,1476,Health&PersonalCare|Subcategory4
Health&PersonalCare Product 125,31802.14,37963,16.2%,3.0,1485,Health&PersonalCare|Subcategory5
Health&PersonalCare Product 126,9224.45,10280,10.3%,3.9,830,Health&PersonalCare|Subcategory1
Health&PersonalCare Product 127,14039.89,16438,14.6%,4.9,926,Health&PersonalCare|Subcategory2
Health&PersonalCare Product 128,29517.15,48994,39.8%,4.3,423,Health&PersonalCare|Subcategory3
Health&PersonalCare Product 129,28202.74,42243,33.2%,3.8,1040,Health&PersonalCare|Subcategory4
Health&PersonalCare Product 130,12851.1,18200,29.4%,4.9,1683,Health&PersonalCare|Subcategory5
Health&PersonalCare Product 131,7906.88,12683,37.7%,4.2,937,Health&PersonalCare|Subcategory1
Health&PersonalCare Product 132,21634.53,25351,14.7%,4.3,851,Health&PersonalCare|Subcategory2
Health&PersonalCare Product 133,10931.03,17753,38.4%,3.7,1789,Health&PersonalCare|Subcategory3
Health&PersonalCare Product 134,7911.25,8674,8.8%,4.6,376,Health&PersonalCare|Subcategory4
Health&PersonalCare Product 135,22873.23,30315,24.5%,4.4,1955,Health&PersonalCare|Subcategory5
Health&PersonalCare Product 136,2712.96,3962,31.5%,4.2,386,Health&PersonalCare|Subcategory1
Health&PersonalCare Product 137,22406.64,26640,15.9%,4.4,1713,Health&PersonalCare|Subcategory2
Health&PersonalCare Product 138,9702.78,11278,14.0%,4.8,1513,Health&PersonalCare|Subcategory3
Health&PersonalCare Product 139,29381.89,31131,5.6%,3.5,1399,Health&PersonalCare|Subcategory4
Health&PersonalCare Product 140,34718.58,37932,8.5%,4.8,212,Health&PersonalCare|Subcategory5
Health&PersonalCare Product 141,7020.91,9252,24.1%,3.4,1194,Health&PersonalCare|Subcategory1
Health&PersonalCare Product 142,14881.8,21810,31.8%,3.7,1536,Health&PersonalCare|Subcategory2
Health&PersonalCare Product 143,15035.07,27249,44.8%,3.8,1197,Health&PersonalCare|Subcategory3
Health&PersonalCare Product 144,7081.84,8610,17.7%,4.6,396,Health&PersonalCare|Subcategory4
Health&PersonalCare Product 145,25707.69,35761,28.1%,3.5,612,Health&PersonalCare|Subcategory5
Health&PersonalCare Product 146,37486.72,45781,18.1%,4.5,730,Health&PersonalCare|Subcategory1
Health&PersonalCare Product 147,21107.75,24624,14.3%,4.6,304,Health&PersonalCare|Subcategory2
Health&PersonalCare Product 148,22009.39,39256,43.9%,4.8,558,Health&PersonalCare|Subcategory3
Health&PersonalCare Product 149,20673.01,22128,6.6%,4.6,779,Health&PersonalCare|Subcategory4
Health&PersonalCare Product 150,17623.73,21025,16.2%,4.4,689,Health&PersonalCare|Subcategory5
Health&PersonalCare Product 151,31509.34,44427,29.1%,3.3,1368,Health&PersonalCare|Subcategory1
Health&PersonalCare Product 152,36689.63,48195,23.9%,4.0,521,Health&PersonalCare|Subcategory2
Health&PersonalCare Product 153,32132.77,47218,31.9%,3.4,1247,Health&PersonalCare|Subcategory3
Health&PersonalCare Product 154,22941.0,29927,23.3%,3.9,97,Health&PersonalCare|Subcategory4
Health&PersonalCare Product 155,7701.95,9003,14.5%,3.6,1036,Health&PersonalCare|Subcategory5
Health&PersonalCare Product 156,13474.2,14261,5.5%,3.8,1647,Health&PersonalCare|Subcategory1
Health&PersonalCare Product 157,29491.55,32781,10.0%,4.0,723,Health&PersonalCare|Subcategory2
Health&PersonalCare Product 158,31879.87,48963,34.9%,4.8,630,Health&PersonalCare|Subcategory3
Health&PersonalCare Product 159,31061.62,48406,35.8%,3.2,78,Health&PersonalCare|Subcategory4
Health&PersonalCare Product 160,18134.46,33963,46.6%,3.9,755,Health&PersonalCare|Subcategory5
Health&PersonalCare Product 161,3847.41,4606,16.5%,4.5,1923,Health&PersonalCare|Subcategory1
Health&PersonalCare Product 162,8575.39,15387,44.3%,4.7,1847,Health&PersonalCare|Subcategory2
Health&PersonalCare Product 163,2103.62,3591,41.4%,4.6,631,Health&PersonalCare|Subcategory3
Health&PersonalCare Product 164,31189.84,39889,21.8%,3.5,857,Health&PersonalCare|Subcategory4
Health&PersonalCare Product 165,25663.61,31816,19.3%,4.8,1039,Health&PersonalCare|Subcategory5
Health&PersonalCare Product 166,28339.17,49114,42.3%,3.7,434,Health&PersonalCare|Subcategory1
Health&PersonalCare Product 167,16739.38,28253,40.8%,4.8,85,Health&PersonalCare|Subcategory2
Health&PersonalCare Product 168,15654.17,25527,38.7%,3.9,735,Health&PersonalCare|Subcategory3
Health&PersonalCare Product 169,35208.73,47364,25.7%,3.8,681,Health&PersonalCare|Subcategory4
Health&PersonalCare Product 170,35415.28,45589,22.3%,4.0,1078,Health&PersonalCare|Subcategory5
Health&PersonalCare Product 171,4021.0,6520,38.3%,4.7,494,Health&PersonalCare|Subcategory1
Health&PersonalCare Product 172,25339.56,42605,40.5%,3.6,767,Health&PersonalCare|Subcategory2
Health&PersonalCare Product 173,32590.86,42680,23.6%,4.5,508,Health&PersonalCare|Subcategory3
Health&PersonalCare Product 174,21936.41,24501,10.5%,4.3,124,Health&PersonalCare|Subcategory4
Health&PersonalCare Product 175,40297.4,44939,10.3%,3.4,1044,Health&PersonalCare|Subcategory5
Health&PersonalCare Product 176,24347.06,27829,12.5%,3.5,1160,Health&PersonalCare|Subcategory1
Health&PersonalCare Product 177,41045.75,48221,14.9%,4.9,1617,Health&PersonalCare|Subcategory2
Health&PersonalCare Product 178,31032.59,44370,30.1%,3.8,967,Health&PersonalCare|Subcategory3
Health&PersonalCare Product 179,26370.04,37320,29.3%,4.4,184,Health&PersonalCare|Subcategory4
Health&PersonalCare Product 180,33918.95,38865,12.7%,4.0,1532,Health&PersonalCare|Subcategory5
Health&PersonalCare Product 181,21216.22,38004,44.2%,4.3,1977,Health&PersonalCare|Subcategory1
Health&PersonalCare Product 182,1111.81,1238,10.2%,4.2,841,Health&PersonalCare|Subcategory2
Health&PersonalCare Product 183,23120.72,28964,20.2%,3.3,1315,Health&PersonalCare|Subcategory3
Health&PersonalCare Product 184,6137.46,7160,14.3%,3.8,314,Health&PersonalCare|Subcategory4
Health&PersonalCare Product 185,14423.95,16810,14.2%,4.0,830,Health&PersonalCare|Subcategory5
Health&PersonalCare Product 186,1122.68,1192,5.8%,4.6,1570,Health&PersonalCare|Subcategory1
Health&PersonalCare Product 187,23114.63,33130,30.2%,4.3,425,Health&PersonalCare|Subcategory2
Health&PersonalCare Product 188,40879.23,48897,16.4%,3.0,677,Health&PersonalCare|Subcategory3
Health&PersonalCare Product 189,30524.75,43056,29.1%,4.7,514,Health&PersonalCare|Subcategory4
Health&PersonalCare Product 190,24863.1,43581,42.9%,4.0,956,Health&PersonalCare|Subcategory5
Health&PersonalCare Product 191,4615.6,7773,40.6%,3.9,348,Health&PersonalCare|Subcategory1
Health&PersonalCare Product 192,29815.43,38825,23.2%,4.0,148,Health&PersonalCare|Subcategory2
Health&PersonalCare Product 193,3647.4,4764,23.4%,4.3,667,Health&PersonalCare|Subcategory3
Health&PersonalCare Product 194,36602.57,44442,17.6%,3.4,1681,Health&PersonalCare|Subcategory4
Health&PersonalCare Product 195,2629.65,3581,26.6%,3.4,1905,Health&PersonalCare|Subcategory5
Health&PersonalCare Product 196,6554.59,11531,43.2%,4.1,1082,Health&PersonalCare|Subcategory1
Health&PersonalCare Product 197,28806.33,38548,25.3%,4.0,344,Health&PersonalCare|Subcategory2
Health&PersonalCare Product 198,12338.12,23463,47.4%,3.1,332,Health&PersonalCare|Subcategory3
Health&PersonalCare Product 199,13926.27,15162,8.2%,4.5,49,Health&PersonalCare|Subcategory4
Health&PersonalCare Product 200,9729.23,15394,36.8%,3.7,1605,Health&PersonalCare|Subcategory5
